ID,Slug,Total Share,Visits,Capture Date
2fkFE8rbu,dall-e,0.18534537,2898804,2023-11-17
HMNcP6w7d,data-analysis,0.08946503,1399233,2023-11-17
YyyyMT9XH,chatgpt-classic,0.06117289,956744,2023-11-17
lN1gKFnvL,creative-writing-coach,0.03075872,481066,2023-11-17
fTA4FQ7wj,hot-mods,0.02540985,397410,2023-11-17
TTTAK9GuS,the-negotiator,0.01878120,293738,2023-11-17
ENhijiiwK,math-mentor,0.01612317,252166,2023-11-17
FdMHL1sNo,cosmic-dream,0.01386986,216924,2023-11-17
DerYxX7rA,coloring-book-hero,0.01332841,208456,2023-11-17
Sug6mXozT,game-time,0.01137043,177832,2023-11-17
gPRWpLspC,sticker-whiz,0.01120637,175268,2023-11-17
alKfVrz9K,canva,0.01114621,174328,2023-11-17
OCOyXYJjW,genz-4-meme,0.00996485,155851,2023-11-17
3VrgJ1GpH,sous-chef,0.00886008,138571,2023-11-17
WKIaLGGem,tech-support-advisor,0.00854287,133612,2023-11-17
n7Rs0IK86,grimoire,0.00776079,121380,2023-11-17
2Eo3NxuS7,designergpt,0.00578094,90414,2023-11-17
bo0FiWLY7,researchgpt,0.00549107,85880,2023-11-17
V2KIUZSj0,ai-pdf,0.00424956,66463,2023-11-17
QrGDSn90Q,laundry-buddy,0.00298071,46619,2023-11-17
0k9rvxdJn,nomadgpt,0.00307916,48159,2023-11-17
9PKhaweyb,mr-ranedeer,0.00310651,48587,2023-11-17
agCdZedbZ,ai-gpt,0.00267444,41828,2023-11-17
hxDOCBQrs,paper-interpreter,0.00255411,39947,2023-11-17
tcmMldCYy,simpsonize-me,0.00261427,40887,2023-11-17
nPanZDwQ5,suparogodezaina-rogozuo-rujun,0.00206188,32248,2023-11-17
GbLbctpPz,universal-primer,0.00208923,32676,2023-11-17
gFt1ghYJl,logo-creator,0.00246114,38492,2023-11-17
I1XNbsyDK,api-docs,0.00240097,37551,2023-11-17
bZoD0qWT8,the-secret-of-monkey-island-amsterdam,0.00211658,33103,2023-11-17
L2HknCZTC,scholarai,0.00191422,29938,2023-11-17
WxhtjcFNs,content-helpfulness-and-quality-seo-analyzer,0.00168998,26432,2023-11-17
PXlrhc1MV,mocktail-mixologist,0.00157513,24635,2023-11-17
twUGxmpHv,visual-weather-artist-gpt,0.00131260,20529,2023-11-17
QqvewXqPt,seo-mentor,0.00123057,19246,2023-11-17
Cw11sym4k,thumbnail-sketcher,0.00123604,19331,2023-11-17
9qWC0oyBd,super-describe,0.00130713,20444,2023-11-17
lFgc4fwRf,grok-ai,0.00115947,18134,2023-11-17
kMKw5tFmB,convertanything,0.00125792,19674,2023-11-17
m5ZAgJ5jt,market-analyst,0.00154231,24122,2023-11-17
pNWGgUYqS,webpilot,0.00160249,25063,2023-11-17
EBKM6RsBl,gpts-works,0.00110477,17279,2023-11-17
iThwkWDbA,gpt-customizer-file-finder-json-action-creator,0.00101180,15825,2023-11-17
DpcxPZOvY,si-li-gptbei-gao-xiao,0.00100086,15653,2023-11-17
UfFxTDMxq,askyourpdf-research-assistant,0.00103368,16167,2023-11-17
IZb9C11iR,ying-wen-fan-yi-zhuan-jia,0.00099540,15568,2023-11-17
gbjSvXu6i,gif-pt,0.00096258,15055,2023-11-17
22ZUhrOgu,gpt-shop-keeper,0.00094617,14798,2023-11-17
pTF23RJ6f,autoexpert-dev,0.00090788,14199,2023-11-17
WTUuSzTOj,ai-websites,0.00092430,14456,2023-11-17
8OcWVLenu,calendar-gpt,0.00112119,17536,2023-11-17
ERKZdxC6D,automation-consultant-by-zapier,0.00098445,15397,2023-11-17
uBhKUJJTl,ke-ji-wen-zhang-fan-yi,0.00096805,15141,2023-11-17
yPLAsV2bz,profilereview-com,0.00080943,12660,2023-11-17
vPFqv6NDp,typeframes-video-creation,0.00083679,13088,2023-11-17
bjIRYGrAM,lp-wizard,0.00068365,10692,2023-11-17
0g6ZdEtv6,language-coach,0.00083132,13002,2023-11-17
iWeTcmxdr,xiao-hong-shu-xie-zuo-zhuan-jia,0.00075474,11805,2023-11-17
WIlexDAW5,analyzepaper,0.00069459,10863,2023-11-17
aSCBrpxum,auto-agent-fladdict,0.00059067,9238,2023-11-17
MUJ3zHjvn,midjourney-prompt-generator,0.00055239,8639,2023-11-17
N9d6Prmjs,ti-shi-jing-ling-prompt-pet,0.00054692,8554,2023-11-17
BfmuJziwz,seobot,0.00059068,9239,2023-11-17
3hxXAJOHO,lun-po-kun,0.00053051,8297,2023-11-17
r4ckjls47,agi-zip,0.00052504,8212,2023-11-17
cGx5me4XG,duo-shou-gpt,0.00051957,8126,2023-11-17
Mc4XM2MQP,No Slug,0.00071646,11206,2023-11-17
aIWEfl3zH,hormozigpt,0.00066723,10436,2023-11-17
veSrMmasJ,keymate-ai-gpt-beta,0.00051957,8126,2023-11-17
aaNx59p4q,hacktricksgpt,0.00050316,7869,2023-11-17
RuhDS8mbd,No Slug,0.00071647,11206,2023-11-17
eEFZELjV9,girlfriend-emma,0.00049770,7784,2023-11-17
Lj7wgFVQo,supertools-gpt-finder,0.00050317,7870,2023-11-17
FPubWp6VF,gpt-finder,0.00048129,7527,2023-11-17
pvLhTI3h1,viral-hooks-generator,0.00047035,7356,2023-11-17
HEChZ7eza,bibigpt-co,0.00046488,7271,2023-11-17
R7zJ4s4jl,seo-outline-creator,0.00050864,7956,2023-11-17
Hkqnd7mFT,veed-ai-video-generator,0.00063990,10010,2023-11-17
0QePjyUon,data-science-interview-mate,0.00045394,7100,2023-11-17
iS3LMW2lB,gpt-builders-assistant,0.00043207,6758,2023-11-17
qa5VGNSEr,seo-optimized-blog-writer-and-analyzer,0.00050317,7869,2023-11-17
btyd1Gl5w,dall-e3-supporter,0.00045394,7099,2023-11-17
C4rH3L0Em,language-coach,0.00041566,6501,2023-11-17
dq9i42tRO,chatxgb,0.00038831,6073,2023-11-17
KkxbQAVuk,playlistai-spotify,0.00042112,6587,2023-11-17
zMRWQxwDU,avian,0.00037191,5817,2023-11-17
LrNKhqZfA,there-s-an-api-for-that-the-1-api-finder,0.00036644,5731,2023-11-17
nv7yQCb53,youtube-summarizer,0.00038285,5988,2023-11-17
BIfVX3cVX,hackernews-gpt,0.00037738,5902,2023-11-17
6TW6hL3cK,cyber-scraper-seraphina-web-crawler,0.00035550,5560,2023-11-17
gWki9zYNV,trey-ratcliff-s-photo-critique-gpt,0.00035550,5560,2023-11-17
tQBmTaWqj,gpt-public-directory,0.00038284,5987,2023-11-17
J05Yvxb90,dalle3-with-parameters,0.00047582,7442,2023-11-17
XE5JkV5gd,gpt-finder,0.00036644,5731,2023-11-17
ucpsGCQHZ,professor-synapse,0.00037191,5817,2023-11-17
yUh3EEQan,levels-fyi-gpt,0.00034456,5389,2023-11-17
dHRRUFODc,yt-summarizer,0.00033909,5303,2023-11-17
Gt6Z8pqWF,doc-maker,0.00032815,5132,2023-11-17
kywiqipmR,builder-io-assistant,0.00039378,6159,2023-11-17
qwp9jR7Fd,what-would-apple-do,0.00032268,5047,2023-11-17
YKFGE5u1G,3d-avatar-generator-a,0.00030628,4790,2023-11-17
LYDRCiZB9,yc-application-gpt,0.00034456,5389,2023-11-17
lzbeEOr9Y,babyagi-txt,0.00030081,4705,2023-11-17
QSh6KHL3S,pdf-reader,0.00029534,4619,2023-11-17
1xC65osMP,ask-dr-andrew-huberman,0.00038832,6074,2023-11-17
W708TXoFs,jordan-peterson-honest-psychologist,0.00028987,4534,2023-11-17
HRAQzWCit,gpt-finder,0.00027893,4362,2023-11-17
yD4laGVCL,prompt-reverse-engineer-2-2-beta,0.00028987,4534,2023-11-17
R4H9Al3sl,voice-over-generator,0.00027346,4277,2023-11-17
j456qiaTg,zi-wei-dou-shu-da-shi,0.00028987,4534,2023-11-17
tBei7TkK0,spotify-explorer-gpt,0.00041019,6415,2023-11-17
e2bIguMqf,findgpt,0.00026252,4106,2023-11-17
lWbrikz5t,sparkle-the-storybook-maker,0.00036097,5646,2023-11-17
qd7DavBQS,remote-job-finder,0.00025705,4020,2023-11-17
y7yC35HB9,flowbite-gpt,0.00025705,4020,2023-11-17
I8xxsv76S,magic-writer,0.00025158,3935,2023-11-17
z61XG6t54,logogpt,0.00027346,4277,2023-11-17
cxe3Tq6Ha,taxgpt,0.00024611,3849,2023-11-17
hiKxJNAlp,ai-filmmaking-assistant,0.00028986,4534,2023-11-17
3p94K4Djb,console-gpt,0.00024064,3764,2023-11-17
ytv04w3nC,pixel-art-wizard,0.00024064,3764,2023-11-17
pzTavd88i,sun-zi-bing-fa-ge-jia-jie-shuo,0.00025159,3935,2023-11-17
KkTq7dkUB,assistant-assistant,0.00023518,3678,2023-11-17
Gm9cCA5qg,what-should-i-watch,0.00026252,4106,2023-11-17
5uKZEh1up,modern-next-js-assistant,0.00022971,3593,2023-11-17
wE9SWrR22,No Slug,0.00022424,3507,2023-11-17
pphsHvpFG,expert-ai-consultant,0.00024065,3764,2023-11-17
3WsWtge73,ga4-sql,0.00021877,3422,2023-11-17
QFAuxHmUa,levelsio,0.00021877,3422,2023-11-17
I5ROmY2qv,resume-architect,0.00022971,3593,2023-11-17
O6oqtb4zb,humanizer,0.00021330,3336,2023-11-17
PsimrHGwP,win-with-yc,0.00021330,3336,2023-11-17
Qf60vcWcr,income-stream-surfer-s-seo-content-writer,0.00022971,3593,2023-11-17
vkqvYa3ZX,ppc-support-and-strategy-advise-by-thomas-eccel,0.00021330,3336,2023-11-17
9W25m8Uog,product-hunt-launch-assistant,0.00031174,4875,2023-11-17
OHtksi5YI,essay-writer,0.00020236,3165,2023-11-17
Vy4rIqiCF,threat-intel-bot,0.00020236,3165,2023-11-17
MIssTuE2b,haas-board-concierge,0.00019142,2994,2023-11-17
LjmHKgJZO,hacker-art-by-rez0,0.00021876,3421,2023-11-17
JRQEmbuM9,gpt-store-finder,0.00018595,2908,2023-11-17
OSVW9rZqu,bei-can-shi-jie-rpg,0.00018595,2908,2023-11-17
amdQlGwUo,taptap,0.00018595,2908,2023-11-17
fylG5LcKT,full-stack-dev-apiana-framer-v2,0.00018595,2908,2023-11-17
qmXM09KRi,lun-wen-yomerujun,0.00021330,3336,2023-11-17
t7Ut56LlE,elon,0.00018595,2908,2023-11-17
jtefpmdjS,kraftful,0.00027346,4278,2023-11-17
Mb5EGmRJm,win-with-huberman,0.00021329,3336,2023-11-17
bIrnI1355,seer-s-screaming-frog-technical-seo-companion,0.00018048,2823,2023-11-17
xTTbsqUyB,kraftful,0.00023517,3678,2023-11-17
5Hh3noMrK,No Slug,0.00017501,2737,2023-11-17
XrwZyE9OZ,tl-dr,0.00017501,2737,2023-11-17
jCYeXl5xh,new-gpt-5,0.00021876,3421,2023-11-17
oZHVkxaXb,sun-zi-saysay-ai,0.00017501,2737,2023-11-17
svehnI9xP,retro-adventures,0.00017501,2737,2023-11-17
tWO2dtULN,socrates,0.00016955,2652,2023-11-17
OdwKeQjDm,healthy-chef,0.00025706,4020,2023-11-17
CqSxj3cSa,seo-bloggpt,0.00016408,2566,2023-11-17
Xt0xteYE8,yt-transcriber,0.00016408,2566,2023-11-17
a83ktVq7n,ai-voice-generator,0.00018049,2823,2023-11-17
wHfqdWBAh,gojo-satoru,0.00016408,2566,2023-11-17
gNH4K4Egg,shownotes,0.00019142,2994,2023-11-17
MD9ZplW7q,midjourney,0.00020236,3165,2023-11-17
f52QYAJK1,unreal-engine-5-expert,0.00015861,2481,2023-11-17
bHaNPc9EV,cartoonify-me,0.00022971,3593,2023-11-17
5P7Iz0bPG,ai-girlfriend,0.00018049,2823,2023-11-17
8CtiMcsaF,search-ads-campaign-set-up,0.00015314,2395,2023-11-17
BqnVpR9J6,guang-gao-deshi-erumei-ren-mei-nu-hua-xiang-sheng-cheng-bot,0.00015314,2395,2023-11-17
UbpNAGYL9,all-around-writer-professional-version,0.00016955,2652,2023-11-17
g0b22bvqB,cookie-clicker,0.00015314,2395,2023-11-17
pHgfp5zic,chibi-kohaku,0.00015314,2395,2023-11-17
w2yOasK1r,quality-raters-seo-guide,0.00015314,2395,2023-11-17
wETMBcESv,ocr,0.00018049,2823,2023-11-17
4wleGSafJ,stories-from-the-apple-design-team,0.00014767,2310,2023-11-17
CLVTWPYJh,img2wifu,0.00014767,2310,2023-11-17
LRPcOO46s,chatzhuan-sheng,0.00014767,2310,2023-11-17
RvDYgFE8w,tony,0.00014767,2310,2023-11-17
ThfYYYz5m,wan-dan-wo-ai-shang-liao-jie-jie,0.00014767,2310,2023-11-17
TzI2BlJPT,deepgame,0.00014767,2310,2023-11-17
VX52iRD3r,ai-paper-polisher-pro,0.00014767,2310,2023-11-17
VyliDiSyc,symfonygpt,0.00014767,2310,2023-11-17
lDhYToLlC,vtubernomin-wan-maneziya-ai,0.00014767,2310,2023-11-17
upCgPTI4U,20000-best-custom-gpts-directory,0.00014767,2310,2023-11-17
xk6AdDGIW,ying-wen-xiao-zheng-gpt,0.00014220,2224,2023-11-17
WZjelkFDn,academic-translator-to-english,0.00013673,2138,2023-11-17
vWcWGHZXf,story-builder,0.00013673,2138,2023-11-17
B8Jiuj0Dp,drawn-to-style,0.00021330,3336,2023-11-17
8ex81F0ym,wan-dan-wo-bei-mei-nu-bao-wei-liao-aitong-ren,0.00014767,2310,2023-11-17
0QDef4GiE,prompt-perfect,0.00013126,2053,2023-11-17
7CKojumSX,the-glibatree-art-designer,0.00013126,2053,2023-11-17
Apzuylaqk,langgpt,0.00013126,2053,2023-11-17
C9Vn0SycL,web-performance-engineer,0.00013126,2053,2023-11-17
hsJ6OivuQ,ableton-11-assistant,0.00014767,2310,2023-11-17
bn1w7q8hm,secret-code-guardian,0.00015861,2481,2023-11-17
erUOvZbnL,justin-welsh-s-content-matrix,0.00014220,2224,2023-11-17
J9EWjR3ga,ga4-bigquery-composer,0.00012579,1967,2023-11-17
SBGMg6HzJ,da-wen-ben-wen-jian-fen-ge-cheng-xu,0.00012579,1967,2023-11-17
waDWNw2J3,character-forger,0.00012032,1882,2023-11-17
EGHIlyWQB,tech-guru-gpt,0.00011485,1796,2023-11-17
IcZbvOaf4,framergpt,0.00011485,1796,2023-11-17
jrW2FRbTX,20k-vocab-builder,0.00011485,1796,2023-11-17
mLCnLPQPV,ableton-guide,0.00011485,1796,2023-11-17
zQfyABDUJ,gp-en-t-ester,0.00011485,1796,2023-11-17
OVHGnZl5G,id-photo-pro,0.00013126,2053,2023-11-17
0QQyby0Vj,slide-deck-builder,0.00012579,1968,2023-11-17
D2Dqz1XIy,No Slug,0.00010938,1711,2023-11-17
Mwca64W4q,perfect-chirp,0.00010938,1711,2023-11-17
tX4vqCUzc,python-quant,0.00010938,1711,2023-11-17
4ZGPkDYAV,grok,0.00012032,1882,2023-11-17
DqViiXYrU,recreate-images-gpt,0.00010391,1625,2023-11-17
L6MVCKIsU,,0.00010391,1625,2023-11-17
PiOxyaiBO,gou-xiong-xue-ying-yu,0.00010391,1625,2023-11-17
mMwIpGwE6,competitive-analysis-ai,0.00010391,1625,2023-11-17
mvOpDRXMz,emoji-gpt,0.00010391,1625,2023-11-17
zjMvl4pFx,impress-me-gpt,0.00010391,1625,2023-11-17
MP5Cx7F7W,meme-machine,0.00009844,1540,2023-11-17
bEiEp8cjF,ru-men-ji-langchaindao-shi,0.00009844,1540,2023-11-17
inkifSixn,high-quality-review-analyzer,0.00009844,1540,2023-11-17
lIAp9qowx,haas-assistant,0.00009844,1540,2023-11-17
mPyoGmkTR,ankix,0.00009844,1540,2023-11-17
sUTYyc8J0,searchqualitygpt,0.00009844,1540,2023-11-17
uINwYG4Ja,trippy-kasutamasapoto,0.00009844,1540,2023-11-17
0UqTHr5Ol,yourbestgpts,0.00009298,1454,2023-11-17
Dk6K4VJk2,simple-proofreader,0.00009298,1454,2023-11-17
F3vsvlW7J,jing-shen-ke-yi-yi-tian-yu-jie-shi-zuo,0.00009298,1454,2023-11-17
Q9aS12PPv,ellagpt,0.00009298,1454,2023-11-17
RG28C1i2q,san-ren-noeziento,0.00009298,1454,2023-11-17
SIE5101qP,img2img,0.00009298,1454,2023-11-17
fCIE7hCLx,att-ck-mate,0.00009298,1454,2023-11-17
szDdJUX9V,finance-gpt,0.00009298,1454,2023-11-17
wGKyEmYMM,finn-o-connor,0.00009298,1454,2023-11-17
Z4Z3dVrjT,professional-li-post-writer,0.00010939,1711,2023-11-17
0XxT0SGIS,mr-ranedeer-config-wizard,0.00008751,1369,2023-11-17
D2j1WBTkN,bu-xiang-shang-lou,0.00008751,1369,2023-11-17
EMpawNB7G,python-pal,0.00008751,1369,2023-11-17
RGBeEuIgg,zang-hua-lian-pian,0.00008751,1369,2023-11-17
RbR2klgoW,ffmpeggpt,0.00008751,1369,2023-11-17
ZRkaqmDXo,stock-guru,0.00008751,1369,2023-11-17
x6IYjnFr9,genio-del-copy,0.00008751,1369,2023-11-17
1BcoLIZwr,unreal-assistant,0.00008204,1283,2023-11-17
A3ueeULl8,database-builder,0.00008204,1283,2023-11-17
DrY6bVei2,zhong-ying-wen-dui-zhao-fan-yi,0.00008204,1283,2023-11-17
GWdqYPusV,ai-lover,0.00008204,1283,2023-11-17
MDifCcEK2,chatpdf,0.00008204,1283,2023-11-17
fvVMurIdH,super-practical-pm-gpt,0.00008204,1283,2023-11-17
h4gjGg7a0,book-to-prompt,0.00008204,1283,2023-11-17
pwfCtXzM7,lina,0.00008204,1283,2023-11-17
tAOlskeJJ,schema-advisor-amanda-jordan,0.00008204,1283,2023-11-17
ZtH9986EJ,gif-maker,0.00014767,2310,2023-11-17
Kk2PHw8oQ,plant-doctor,0.00014220,2224,2023-11-17
pIgxxzym8,oai-navigator,0.00009845,1540,2023-11-17
0e9nkbuRV,godot-assistant,0.00007657,1198,2023-11-17
4CktagQWR,No Slug,0.00007657,1198,2023-11-17
AKzfJVxof,xue-xi-jiao-lian-pi-pan-xing-si-wei,0.00007657,1198,2023-11-17
FTM9jPnN4,adgurus-ppc-gpt,0.00007657,1198,2023-11-17
IBHzsqCq4,mijourney-ai-prompt-generator,0.00007657,1198,2023-11-17
JsDZsZM00,bob-the-gpt-builder,0.00007657,1198,2023-11-17
nUwUAwUZm,10x-engineer,0.00007657,1198,2023-11-17
pgNRpHOlg,No Slug,0.00007657,1198,2023-11-17
tdyNANXla,moby-dick-rpg,0.00007657,1198,2023-11-17
chdkF9FKl,pdf-pic-wizard,0.00010391,1625,2023-11-17
5bdQ4ysnG,building-god,0.00007110,1112,2023-11-17
5el00ZDLl,seoranking,0.00007110,1112,2023-11-17
DrQzIJn2K,megaprompter,0.00007110,1112,2023-11-17
FUAJT06Ee,chang-nixu-woda-erubot,0.00007110,1112,2023-11-17
QIydQSFRm,sol-mate,0.00007110,1112,2023-11-17
fViw7UokA,the-dream-interpreter,0.00007110,1112,2023-11-17
hz8Pw1quF,screenshot-to-code-gpt,0.00007110,1112,2023-11-17
rcgb4OKeA,what-should-i-read,0.00007110,1112,2023-11-17
uB2GTSCo7,logo-maker-gpt,0.00008751,1369,2023-11-17
vAHafDA0E,lexi,0.00007110,1112,2023-11-17
VLxROyIAX,faq-generator,0.00014219,2224,2023-11-17
L8d0V9m7b,ai-finder-net,0.00011485,1796,2023-11-17
MQuQhmq0N,disneyfy-me,0.00010392,1625,2023-11-17
5oAqcka8l,sdxl-artist,0.00006563,1026,2023-11-17
ITuP4SqVK,longform-blog-cyborg,0.00008204,1283,2023-11-17
QS81K5kJ4,mbti,0.00006563,1026,2023-11-17
eRhGE7LRy,ugly-draw-to-masterpiece,0.00006563,1026,2023-11-17
giwg7w8Hv,idea-generator-brainstormer-v2,0.00006563,1026,2023-11-17
iD7sLuO9S,gptofgpts,0.00006563,1026,2023-11-17
ihJfmYAJn,gantt-chart-gpt,0.00006563,1026,2023-11-17
2FbS2bTIy,aiirasutoreta,0.00006016,941,2023-11-17
34Bg3Tn32,articlegpt,0.00006016,941,2023-11-17
AZajfCZGd,composegpt,0.00006016,941,2023-11-17
PimKVGCU0,high-quality-ai-image-prompt-creator-generator,0.00006016,941,2023-11-17
SVV3sT9Wo,chatdoc,0.00006016,941,2023-11-17
TVDhLW5fm,gymstreak-workout-creator,0.00006016,941,2023-11-17
Ta68rQq0v,domains-hunter-gpt,0.00006016,941,2023-11-17
XUgnMbahO,limitlessgpt,0.00006016,941,2023-11-17
fPzByEgI1,the-design-system-guide,0.00006016,941,2023-11-17
g0efUwWgG,No Slug,0.00006016,941,2023-11-17
hlBv6FcgI,genius-billionaire-tony-stark-v3-1,0.00006016,941,2023-11-17
iPOQIlHpk,resume-writer-enhance-your-resume-with-ai,0.00006016,941,2023-11-17
ifP7V7mmC,plagiarism-checker,0.00007657,1198,2023-11-17
nALZQhmod,rizz-advisor,0.00008204,1283,2023-11-17
nlZ7YiDfx,design-critique,0.00006016,941,2023-11-17
rA3A19hwi,ecd-gpt,0.00006016,941,2023-11-17
y2AieAcdh,magento-gpt,0.00006016,941,2023-11-17
6Uo9lNEFV,jie-meng-da-shi,0.00005469,855,2023-11-17
6ZUmX9lJV,assistant-hunter,0.00005469,855,2023-11-17
eLEBPLViN,ui-gpt,0.00005469,855,2023-11-17
ikwGM4grU,upscaler,0.00005469,855,2023-11-17
ke17wkJae,gitnoshi-ifang-jiao-erujun,0.00005469,855,2023-11-17
oNyW1YcOI,No Slug,0.00005469,855,2023-11-17
sg6zS89Hi,learn-wardley-mapping,0.00005469,855,2023-11-17
t37VkYd30,pixarize-me,0.00007110,1112,2023-11-17
0Lsw9zT25,synthia,0.00004922,770,2023-11-17
0iqP3gBEv,next-level-email-verifier,0.00004922,770,2023-11-17
0ol5nPrqr,que-ding-shen-gao-nituitejiao-etekurerujun,0.00004922,770,2023-11-17
6rbIIsNdj,what-s-wrong-with-my-plant,0.00004922,770,2023-11-17
8kkId5nmf,pena-prodigy,0.00004922,770,2023-11-17
B7h5aLBX9,chang-qi-soyo,0.00004922,770,2023-11-17
N1SJLto6i,elsa,0.00004922,770,2023-11-17
RE2i47Tq1,No Slug,0.00004922,770,2023-11-17
RKXe3aooI,he-ying-fan-yi-gpt,0.00004922,770,2023-11-17
Zy9v2P5UM,study-buddy,0.00004922,770,2023-11-17
lUygohS2m,content-rewriter,0.00004922,770,2023-11-17
mbU767b1e,deepcsv,0.00004922,770,2023-11-17
wc6rx2PRi,yt-shorts-expert,0.00004922,770,2023-11-17
ZbDOdkbFb,seangpt,0.00007110,1112,2023-11-17
0uQRgwu1i,cpf-guide-bot,0.00004375,684,2023-11-17
7tYB6K5F8,dad,0.00004375,684,2023-11-17
ByQiM5GKg,frontend-mentor,0.00004375,684,2023-11-17
CS0BEb5pJ,gpt-seller,0.00004375,684,2023-11-17
DFVXMwXTh,anxiety-coach,0.00004375,684,2023-11-17
Fks60Vx1w,she-diao-ying-xiong-chuan-rpg,0.00006016,941,2023-11-17
LpMWtRiDB,rothbardgpt,0.00004375,684,2023-11-17
bPBXqy0UZ,vipassana-guide,0.00004375,684,2023-11-17
dhsTdvX8q,assistants-api-navigator,0.00004375,684,2023-11-17
f1OolBspS,zombie-apocalypse-survival,0.00004375,684,2023-11-17
geuxfh2tz,wordpress-plugin-builder,0.00004375,684,2023-11-17
qu8dSBqEH,No Slug,0.00004375,684,2023-11-17
thx8m5Hjx,ask-gpt-who-is-hiring,0.00004375,684,2023-11-17
ueMUdZAzr,chainstack-gpt,0.00004375,684,2023-11-17
J75qypPUU,math-mentor,0.00006563,1027,2023-11-17
gnM4CjCZz,presentation-architect,0.00005469,856,2023-11-17
0ksAxVTX5,summary-sage,0.00003828,599,2023-11-17
4VqF5ooPe,ux-copywriter,0.00003828,599,2023-11-17
53CnyiuOo,honest-insight,0.00003828,599,2023-11-17
5L6O3kCo6,qia-tong-tou-xiang-sheng-cheng-qi,0.00003828,599,2023-11-17
Eb6UGkliO,ogilvygpt,0.00003828,599,2023-11-17
Ev8pDjD1u,react-typescript-storybookgpt,0.00003828,599,2023-11-17
FgnYEXk3H,sr-next-tailwind,0.00003828,599,2023-11-17
Fz5dDMpfz,alex-hormozi-ai,0.00003828,599,2023-11-17
Op6Btk7ev,web-hacking-wizard,0.00003828,599,2023-11-17
PejNhgUDQ,write-100-nlp-optimized-article-with-images,0.00003828,599,2023-11-17
Q7rsLlR1A,seo-topical-map-maker,0.00003828,599,2023-11-17
RebirpTgg,code-mentor,0.00003828,599,2023-11-17
S4bC5HEjU,chat-langchain-gpt,0.00003828,599,2023-11-17
W0lCzVAZH,3d-print-master,0.00003828,599,2023-11-17
a81M2W1av,gray-s-anatomy,0.00003828,599,2023-11-17
aIo36J7pg,gpt-next-js-14-coding-helper,0.00003828,599,2023-11-17
ljN3mJxPa,sam,0.00003828,599,2023-11-17
oqPqKBCGY,ai-girlfriend-joi,0.00003828,599,2023-11-17
vIV2R7wST,ms-powerpoint,0.00003828,599,2023-11-17
wJjpOtGN6,yt-thumbnail-wizard,0.00006016,941,2023-11-17
x0K8M4uu6,homework-helper,0.00003828,599,2023-11-17
dBlz7Hcyw,hitchhiker-s-guide,0.00006563,1027,2023-11-17
UNNRKLpRj,children-s-story-book-generator,0.00006016,941,2023-11-17
kTYEj7G51,meme-magic,0.00004922,770,2023-11-17
0t8c9nEXR,lao-ba-gai-zen-yao-ban,0.00003281,513,2023-11-17
1i7Bjryc5,business-idea-sanity-checker,0.00003281,513,2023-11-17
40jGCd8yv,multi-step-text-generator-w-content-briefing-chat,0.00003281,513,2023-11-17
4F62kjgTm,grok,0.00003281,513,2023-11-17
4k5GD7QLN,correcteur-d-orthographe-et-de-grammaire,0.00003281,513,2023-11-17
7KQ320xMb,birth-chart-analysis-astrologist,0.00003281,513,2023-11-17
8X4nLLIp1,market-trend-analysis-agent,0.00003281,513,2023-11-17
A7c3BLATR,dungeon-crawler,0.00003281,513,2023-11-17
BFUo0O166,sound-sage,0.00003281,513,2023-11-17
DKne07mTu,anky,0.00003281,513,2023-11-17
EnFTU2VFm,No Slug,0.00003281,513,2023-11-17
JSjKsEC8t,palette-creator,0.00003281,513,2023-11-17
PpK3taEVb,betterscan-io-ai-code-analyzer,0.00003281,513,2023-11-17
R5lrDESBw,personal-finance-canada-gpt,0.00003281,513,2023-11-17
XBe6TSvhu,startup-oppa,0.00003281,513,2023-11-17
Y02w2vCKI,100m-offer,0.00003281,513,2023-11-17
dOI2Fnxbm,voyager-organize-budget-your-trip,0.00003281,513,2023-11-17
eJotMzlO0,gojo-satoru,0.00003281,513,2023-11-17
eYbHsisDd,anki-card-crafter,0.00003281,513,2023-11-17
f8phtYiLj,yan-gao-wen-an-da-shi,0.00003281,513,2023-11-17
hBDutiLmw,chadgpt,0.00003281,513,2023-11-17
hKdeP1Dou,ai2sql,0.00003281,513,2023-11-17
m59QnDnmC,resume-writer-pro,0.00003281,513,2023-11-17
pkeXTdBQQ,mindmap,0.00003281,513,2023-11-17
qMEbhdw9P,jenova-gpt,0.00003281,513,2023-11-17
tqfk8svy9,video-summarizer,0.00004376,685,2023-11-17
6XolCY95X,cartoonize-me,0.00002735,428,2023-11-17
EG4kN9ffy,incisive-gpt,0.00002735,428,2023-11-17
ICtJkldZu,rewrite,0.00002735,428,2023-11-17
IzazLZ6Ll,salesforcedevops-net,0.00002735,428,2023-11-17
JYgpaFJxD,life-weaver,0.00002735,428,2023-11-17
Jv2FCxFyH,growth-hacker,0.00002735,428,2023-11-17
KKTqtrskb,asmongold,0.00002735,428,2023-11-17
KKoxAV6iK,motivation-bot,0.00002735,428,2023-11-17
LIb0ywaxQ,uscis-info-navigator,0.00002735,428,2023-11-17
N82dqklAi,full-stack-developer,0.00002735,428,2023-11-17
NfgD4dZzu,gptstore,0.00002735,428,2023-11-17
Qo6COAhz8,steve-jobs-left-nut,0.00002735,428,2023-11-17
QpUGlIzio,nuxt-code-architect,0.00002735,428,2023-11-17
T0gd3JUc7,akinator,0.00002735,428,2023-11-17
U6y5TqwA9,choose-your-own-adventure,0.00002735,428,2023-11-17
UfKr5xVKC,f1fan-yi-maisuta,0.00002735,428,2023-11-17
Um3OKq1zk,grok-chatbot,0.00002735,428,2023-11-17
Z0Ap8Rfz9,resume-crafter-for-specific-skills,0.00002735,428,2023-11-17
bSORiAuM3,bff,0.00002735,428,2023-11-17
ezitTUNHu,wanderlust-r,0.00002735,428,2023-11-17
hwCXFnpHc,aws-cloud-practitioner-certification-trainer,0.00002735,428,2023-11-17
krpjwpaUG,code-hugger,0.00002735,428,2023-11-17
m1cy0xVjB,brrr-analyst,0.00002735,428,2023-11-17
o7dBXeY9u,bian-cheng-sui-xiang,0.00002735,428,2023-11-17
r2HjFILCC,steam-review-summarizer,0.00002735,428,2023-11-17
ru7bMCAfG,search-intent-optimization-tool,0.00002735,428,2023-11-17
sD6wtjB8a,chatpaper,0.00002735,428,2023-11-17
u27ZCAhaF,flutter-gpt,0.00002735,428,2023-11-17
uZnmTo2Cv,southparkme,0.00002735,428,2023-11-17
y22c5jAFC,copilot-pro,0.00002735,428,2023-11-17
wOzU4bXYb,awesome-python,0.00003829,599,2023-11-17
2tWahTp9b,startup-idea-guessing-game,0.00002188,342,2023-11-17
6EER9RKH6,caveman-gpt,0.00002188,342,2023-11-17
76iz872HL,ciso-ai,0.00002188,342,2023-11-17
82ALdp8Nj,No Slug,0.00002188,342,2023-11-17
B3qi2zKGB,comfyui-assistant,0.00002188,342,2023-11-17
DpGlZrobT,writing-assistant,0.00002188,342,2023-11-17
EkEzOXpHq,notion-fei-gong-shi,0.00002188,342,2023-11-17
F7SLUeAix,my-boss-a-boss-who-makes-money-for-me,0.00002188,342,2023-11-17
FirDmP6nD,startup-mentor,0.00002188,342,2023-11-17
I7vaNgMIz,prompt-master,0.00002188,342,2023-11-17
J2l61KIZl,procurement-legends-guide,0.00002188,342,2023-11-17
KsnQa2ux5,yaml-helper,0.00002188,342,2023-11-17
QK82RFTIY,book-quest-adventure,0.00002188,342,2023-11-17
SuWVXlmkP,codey,0.00002188,342,2023-11-17
VbJvVjilC,audiophile-assistant,0.00002188,342,2023-11-17
WnnPj2Lbh,baldur-s-guide,0.00002188,342,2023-11-17
XJ1gJkBcQ,makeup-maven,0.00002188,342,2023-11-17
YDkPh1fun,unity-gpt,0.00002188,342,2023-11-17
YdduxKKrP,flashcards-ai,0.00002188,342,2023-11-17
Z8RtbJVuE,wordpress-gpt-1-0,0.00002188,342,2023-11-17
ZWvuYqQaw,dj-bengpt,0.00002188,342,2023-11-17
ZcHiHNtc5,bazi-fortune-teller-ba-zi-suan-ming,0.00002188,342,2023-11-17
cwigWCh11,code-gpt-gpt,0.00002188,342,2023-11-17
dVqKtIBnV,image-alchemy,0.00002188,342,2023-11-17
gtobWqG0t,sherlock-holmes,0.00002188,342,2023-11-17
h9i0EQ1e4,grok,0.00002188,342,2023-11-17
hiVeyDDpv,resume-builder,0.00002188,342,2023-11-17
iR4UIvIX2,,0.00002188,342,2023-11-17
lxVORMQae,meta-prompt-engineer,0.00002188,342,2023-11-17
nMbWE7g9I,code-whisperer,0.00002188,342,2023-11-17
oUQRqcRmh,pep-talk-guru,0.00002188,342,2023-11-17
pILRVh8NZ,code-coach,0.00002188,342,2023-11-17
pIuczqQoq,flutter-gpt,0.00002188,342,2023-11-17
qJ1Jqjuzo,secopilot,0.00002188,342,2023-11-17
wX2IB7OuW,market-maven,0.00002188,342,2023-11-17
yDiUoCJmo,tinder-whisperer,0.00002188,342,2023-11-17
ysT7pHtQu,flutter-pro,0.00002188,342,2023-11-17
zCvpA2Q8k,fit-buddy,0.00002188,342,2023-11-17
zWeEn9xnl,product-support,0.00002188,342,2023-11-17
0gbxqCG1B,document-generator,0.00001641,257,2023-11-17
0jpvqh5fm,catgpt,0.00001641,257,2023-11-17
189p2875t,dumb-nathan-for-you,0.00001641,257,2023-11-17
2vNXETv9C,math-to-latex,0.00001641,257,2023-11-17
3xg15bJKK,metagpt-meta-ads-ai-marketing-co-pilot,0.00001641,257,2023-11-17
4QcKASAXU,d-d-5e-master-of-realms,0.00001641,257,2023-11-17
8iui73B2J,eliza,0.00001641,257,2023-11-17
9p4s4Cx6W,fast-ai-tutor,0.00001641,257,2023-11-17
CivTEUqvA,best-spy-apps-for-android-q-a,0.00001641,257,2023-11-17
DA32emHxJ,cinema-savvy,0.00001641,257,2023-11-17
DgOfY4u43,web3-gpt,0.00001641,257,2023-11-17
FR5c6tYGQ,javascript-code-interpreter,0.00001641,257,2023-11-17
G9nlEG33x,ai-assistant-for-resume-and-cover-letter,0.00001641,257,2023-11-17
GATMqFY7N,from-image-to-midjourney-prompt-promptgorillas,0.00001641,257,2023-11-17
HRLzwEJzp,story-weaver,0.00001641,257,2023-11-17
IFd8QMnNA,research-radar-tracking-stem-sciences,0.00001641,257,2023-11-17
J6jAjRtYi,seo-content-crafter,0.00001641,257,2023-11-17
KtkfJr2mb,professor-chem,0.00001641,257,2023-11-17
LJXBRdhUB,figma-coder,0.00001641,257,2023-11-17
Na7DQWiKt,dsgpt,0.00001641,257,2023-11-17
OjydyOs4O,the-stoic-council,0.00001641,257,2023-11-17
QEj3LcqxZ,ai-lawyer,0.00001641,257,2023-11-17
Rnrhh5jYq,video-spark,0.00001641,257,2023-11-17
Tq66GpRPJ,startup-idea-generator,0.00001641,257,2023-11-17
Wkhtm932I,angular-gpt-project-builder,0.00001641,257,2023-11-17
Wx2CiDBXW,icon-artist,0.00001641,257,2023-11-17
YkRoTvaak,calm-consultant-health-anxiety-helper,0.00001641,257,2023-11-17
ZOL2lvhpw,tldr,0.00001641,257,2023-11-17
aZNL7vXSf,lex-fridman,0.00001641,257,2023-11-17
axr6qhrtc,econgoat-gpt,0.00001641,257,2023-11-17
bJKm0Xi2F,drinkedin-the-wine-connoisseur,0.00001641,257,2023-11-17
cXhYhy6W7,find-my-gpt,0.00001641,257,2023-11-17
cs2BZbkTH,meme-finder,0.00001641,257,2023-11-17
di2eDNsY8,aifan-yi-guan,0.00001641,257,2023-11-17
eQlfHmSH5,red-team-guide,0.00001641,257,2023-11-17
eRkBkMF6J,bubble-buddy,0.00001641,257,2023-11-17
fKYMc2NU0,googleanalytics-guru,0.00001641,257,2023-11-17
fL6Xsk6UU,free-youtube-summarizer,0.00001641,257,2023-11-17
gQjLMtJbz,powerpoint-helper,0.00001641,257,2023-11-17
gac0xLAbv,chinese-zhi-yi,0.00001641,257,2023-11-17
h9gwiVnbr,serena-the-emotional-support-companion,0.00001641,257,2023-11-17
iMWCFq13Z,stocks-ai,0.00001641,257,2023-11-17
j74dWE5hu,israelx,0.00001641,257,2023-11-17
liOqpzb4E,sprite-me-baby,0.00001641,257,2023-11-17
ls4qHjUfm,pencil-drawing-art,0.00001641,257,2023-11-17
lyl9YY4gt,mentalist,0.00001641,257,2023-11-17
mSZRG119P,pokedexgpt,0.00001641,257,2023-11-17
nMt5YfTeF,six-y,0.00001641,257,2023-11-17
oBnWP4Jwb,money-buddy,0.00001641,257,2023-11-17
qIPGfrlsU,blockchain-guru,0.00001641,257,2023-11-17
qfld87E35,founder-s-guide,0.00001641,257,2023-11-17
urQamZ1mk,diy-home-improver-handyhelp-superpro-v1,0.00001641,257,2023-11-17
vCZgt8Rb9,vc-deal-or-no-deal,0.00001641,257,2023-11-17
wYlD68R4t,quick-cve,0.00001641,257,2023-11-17
y0B8XldwZ,No Slug,0.00001641,257,2023-11-17
ziX1pKYuV,merlin,0.00001641,257,2023-11-17
