ID,Title,Creator,Chats
V2KIUZSj0,Ai PDF,myaidrive.com,158900.0
bo0FiWLY7,ResearchGPT,consensus.app,150700.0
n7Rs0IK86,Grimoire,mindgoblinstudios.com,144200.0
UfFxTDMxq,AskYourPDF Research Assistant,askyourpdf.com,108200.0
jCYeXl5xh,New GPT-5,DAINIS TKACOVS,95200.0
alKfVrz9K,Canva,Canva,54300.0
RuhDS8mbd,22.500+ Best Custom GPTs,seo.ai,44700.0
LQHhJCXhW,AutoExpert (Chat),llmimagineers.com,32600.0
NgAcklHd8,ResearchGPT (official),researchgpt.com,32000.0
9PKhaweyb,Mr. Ranedeer,mr-ranedeer.com,30600.0
2Eo3NxuS7,DesignerGPT,Pietro Schirano,30300.0
L2HknCZTC,ScholarAI,scholarai.io,28100.0
gFt1ghYJl,Logo Creator,Chase Lean,23100.0
7CKojumSX,The Glibatree Art Designer,glibatree.com,23000.0
tcmMldCYy,Simpsonize Me,octaneai.com,22400.0
9qWC0oyBd,Super Describe,bestaiprompts.art,22000.0
hxDOCBQrs,Paper Interpreter (Japanese),daichikonno.jp,21900.0
GbLbctpPz,Universal Primer,Siqi,16900.0
pTF23RJ6f,AutoExpert (Dev),llmimagineers.com,15500.0
z61XG6t54,LogoGPT,A SAI RAHUL,14700.0
gFFsdkfMC,Storybook Vision,karenx.com,14300.0
ucpsGCQHZ,Professor Synapse,Joseph Rosenbaum,12700.0
Xce18FwVX,Brick Box Generator,photoai.com,12300.0
cbNeVpiuC,AIç®—å‘½,Jerrold Bergnaum,12100.0
pNWGgUYqS,WebPilot,webpilot.ai,11400.0
bZoD0qWT8,The Secret of Monkey Island: Amsterdam,photoai.com,11200.0
FPubWp6VF,GPT Search,bargpt.app,11100.0
kMKw5tFmB,ConvertAnything,Pietro Schirano,10000.0
aZLV4vji6,Prompty,Daniel Juhl,10000.0
22ZUhrOgu,GPT Shop Keeper,mindgoblinstudios.com,10000.0
8OcWVLenu,Calendar GPT,Reid Robinson,9900.0
gbjSvXu6i,Gif-PT,mindgoblinstudios.com,9800.0
GJttZk3QA,GPT Finder,chatgpt-lab.com,9700.0
aSCBrpxum,Auto Agent - saysay.ai,Takayuki Fukatsu,9400.0
SIE5101qP,image edit Â· img2img Â· image merge Â· v3.1,neural.love,9100.0
iThwkWDbA,"GPT Customizer, File Finder & JSON Action Creator",webcafesoftware.com,8200.0
WxhtjcFNs,Content Helpfulness and Quality SEO Analyzer,Aleyda Solis,8100.0
twUGxmpHv,Visual Weather Artist GPT,Alex Volkov,8100.0
nPanZDwQ5,ã‚¹ãƒ¼ãƒ‘ãƒ¼ãƒ­ã‚´ãƒ‡ã‚¶ã‚¤ãƒŠã€Œãƒ­ã‚´ä½œã‚‹å›ã€,TOMOYUKI ENOMOTO,8000.0
tQBmTaWqj,GPT Public Directory,Geoffrey Robichaux,8000.0
0QDef4GiE,Prompt Perfect,promptperfect.xyz,7700.0
Vklr0BddT,Slide Maker,level2labs.ai,7700.0
Hkqnd7mFT,VideoGPT by VEED,,7200.0
1xC65osMP,Ask Dr. Andrew Huberman,junyang.wang,7200.0
I1XNbsyDK,API Docs,webpilot.ai,6900.0
J05Yvxb90,DALLE3 with Parameters,Alvaro Cintas,6900.0
iS3LMW2lB,GPT-Builders' Assistant,gendojo.ai,6800.0
ERKZdxC6D,Automation Consultant by Zapier,Reid Robinson,6600.0
R7zJ4s4jl,FREE SEO Blog Content Outline Creator & Generator,juliangoldie.com,6500.0
xD0GdS69Z,GPTsæŸ¥æ‰¾,,6500.0
Gt6Z8pqWF,Doc Maker,level2labs.ai,6300.0
veSrMmasJ,Keymate.AI GPT (Beta),keymate.ai,6300.0
XE5JkV5gd,GPT Finder  ğŸ”,gptfinder.co,6200.0
MUJ3zHjvn,MidJourney Prompt Generator,Digiagent,6000.0
iWeTcmxdr,å°çº¢ä¹¦å†™ä½œä¸“å®¶,xtxian.com,6000.0
upCgPTI4U,23.500+ Best Custom GPTs,godofprompt.ai,6000.0
uBhKUJJTl,ç§‘æŠ€æ–‡ç« ç¿»è¯‘,Junmin Liu,5900.0
Qf60vcWcr,Income Stream Surfer's SEO Content Writer,Hamish Davison,5800.0
vPFqv6NDp,Typeframes - Video Creation,TMAKER,5800.0
bHaNPc9EV,Cartoonify Me,Brent E Moreno,5700.0
cx2keSHlP,GPT Finder,skillleap.ai,5600.0
HgZuFuuBK,ğŸ’»Professional Coder (Auto programming),Kevin Ivery,5600.0
Mc4XM2MQP,Logo Maker,Andrew Gao,5500.0
0XxT0SGIS,Mr. Ranedeer Config Wizard,mr-ranedeer.com,5400.0
LrNKhqZfA,There's An API For That - The #1 API Finder,AI Fever,5400.0
aqaUhz49a,Humanize AI,plagiarism-remover.com,5300.0
qa5VGNSEr,SEO Optimized Blog Writer and Analyzer,Austin vincent,5300.0
12ZUJ6puA,Flow Speed Typist,,5300.0
G5diVh12v,ChatPRD,chatprd.ai,5300.0
2DQzU5UZl,GPT Code Copilot,promptspellsmith.com,5300.0
N9d6Prmjs,æç¤ºç²¾çµå°å¯Œè´µï¼ˆPrompt Petï¼‰,richcatai.com,5200.0
dU4ZboMKr,"Gerry, The Logo Designer - For Startup",Filippo Iwan Cappiello,5200.0
BoJIT2GP7,Picturator,directsolutions.fr,5100.0
C3WWLOnWX,VentureGPT,wale.ai,5100.0
Lj7wgFVQo,Supertools GPT Finder,The Rundown AI,5000.0
WIlexDAW5,AnalyzePaper,danielmiessler.com,4900.0
lfIUvAHBw,GPTsdex,gptsdex.com,4800.0
zpuYfzV7k,editGPT,editgpt.app,4800.0
oZHVkxaXb,å­«å­ - saysay.ai,Takayuki Fukatsu,4800.0
lzbeEOr9Y,BabyAgi.txt,mindgoblinstudios.com,4700.0
nv7yQCb53,You Tube Summarizer,checkfu.com,4700.0
EBKM6RsBl,GPTs Works,gpts.works,4500.0
9YeZz6m6k,Math Solver,studyx.ai,4400.0
JRQEmbuM9,GPT Store Finder,embedai.thesamur.ai,4300.0
b8dFfRfQp,GPT-4.5 (Unofficial) - Best General Purpose GPT,KEITH M CLIFT,4300.0
RGBeEuIgg,è„è¯è¿ç¯‡,Junmin Liu,4200.0
wxGvX1Q5P,GPT Detector,ChatGPT Detector,4100.0
agCdZedbZ,AI GPT,Andrew Gao,4100.0
dd2qWCtR6,Rank Math SEO Optimized Content Writer,Muhammad Talha,4100.0
a83ktVq7n,AI Voice Generator,musicradiocreative.com,4000.0
TzI2BlJPT,DeepGame,UtileLabs,4000.0
B8Jiuj0Dp,Drawn to Style,UMESH N,3900.0
r4ckjls47,Agi.zip,mindgoblinstudios.com,3900.0
aIWEfl3zH,HormoziGPT,aisecondbrain.io,3800.0
WTUuSzTOj,AI Websites,b12.io,3800.0
KkxbQAVuk,PlaylistAI,brettbauman.me,3800.0
pmuQfob8d,image generator,NAIF J ALOTAIBI,3700.0
hz8Pw1quF,Screenshot To Code GPT,godofprompt.ai,3700.0
ZdfrSRAyo,AlphaNotes GPT,davideai.dev,3700.0
0g6ZdEtv6,Language Coach,Watchovr LLC,3700.0
QqvewXqPt,SEO Mentor,Natzir Turrado Ruiz,3600.0
IZb9C11iR,è‹±æ–‡ç¿»è¯‘ä¸“å®¶,YANG CHUANSHENG,3600.0
HEChZ7eza,BibiGPT.co,bibigpt.co,3600.0
HXZv0dg8w,Video Insights,videoinsights.ai,3600.0
bstMfsHSW,Lazy Bot,xghozt.com,3500.0
g0efUwWgG,Image Copy Machine GPT,seo.ai,3500.0
0UqTHr5Ol,YourBestGPTs,PenguinsLab,3500.0
Vy4rIqiCF,Threat Intel Bot,threatintel.bot,3500.0
DpcxPZOvY,ç§ç«‹GPTåŒ—é«˜æ ¡,,3500.0
gWki9zYNV,Trey Ratcliff's Fun Photo Critique GPT,Raymond Ratcliff,3400.0
UEZYckKpa,ç¨‹å¼ç¢¼å„ªåŒ–å¤§å¸«,duotify.com,3400.0
7LKmk5d32,Quality Rater GPT,Akash Mansukhani,3300.0
dHRRUFODc,YT Summarizer,John Venkata Pilla,3300.0
LGCrvDOW6,Elegant Logo Creator,chatgpt-lab.com,3200.0
Ej5zYQRIB,ğŸ‘ŒAcademic Assistant Pro,Kevin Ivery,3200.0
QhTV4OrrZ,AI Tutor,techwithanirudh.com,3200.0
912YlkTjR,ã‚»ãƒ³ã‚¿ãƒ¼ãƒ”ãƒ³ç™ºè¦‹æ©Ÿ,å¹³ç”° æ™ºåŸºï¼ˆ@t_10_aï¼‰,3000.0
MD9ZplW7q,Topjourney,Josh Brent N. Villocido,3000.0
svehnI9xP,Retro Adventures,Greg Fodor,3000.0
FRuuETkCy,Chrome Unlimited Search & Browse GPT,keymate.ai,3000.0
lWbrikz5t,Sparkle: The Storybook Maker,ammaar.me,2900.0
cTqsEOE4C,SellMeThisPen,Peter Ã–rneholm,2900.0
3s6SJ5V7S,AskTheCode,docs.askthecode.ai,2900.0
qfoOICq1l,Prompt Professor,chatgpt-lab.com,2800.0
Gm9cCA5qg,What should I watch?,ammaar.me,2800.0
nUwUAwUZm,10x Engineer,Jacob Ottiger,2700.0
3hxXAJOHO,è«–ç ´ãã‚“,TAKAYUKI FUKUDA,2700.0
476KmATpZ,GPT Architect,David Ondrej s.r.o.,2700.0
lFgc4fwRf,Grok AI,discover-gpts.com,2600.0
Cw11sym4k,Thumbnail Sketcher,chatgpt-lab.com,2600.0
DqViiXYrU,Recreate Images GPT,godofprompt.ai,2600.0
aaNx59p4q,HackTricksGPT,hacktricks.xyz,2600.0
H93fevKeK,Executive f(x)n,mindgoblinstudios.com,2600.0
kywiqipmR,Builder.io Assistant,Steve Sewell,2500.0
ITuP4SqVK,Longform Blog Cyborg,jacobmcmillen.com,2500.0
D4RzWGfXs,è¶…çº§Dalle,myaiforce.com,2500.0
ZHFKmHM1R,OpenAPI Builder,IALife,2500.0
DVxkEKigi,Lingo Buddy,LEE YOUNG BIN,2400.0
pvLhTI3h1,Viral Hooks Generator,Muhammad Hassan Asghar,2400.0
iD7sLuO9S,GPTofGPTs,talkgpt.space,2400.0
MIssTuE2b,HAAS Board Concierge,Tim Cunningham,2400.0
jtefpmdjS,Kraftful,kraftful.com,2300.0
2azCVmXdy,Humanizer Pro,charly-ai.com,2300.0
zQfyABDUJ,GP(en)T(ester),Roberto Montiel,2300.0
yD4laGVCL,*UPDATE* Prompt Reverse Engineer 2.2 BETA,romekasolutions.com,2300.0
tBei7TkK0,Spotify Explorer GPT ğŸµ,tepu.xyz,2300.0
YKFGE5u1G,3D Avatar Generator - A,achgdesign.com,2300.0
aTdwKcgsE,CityWeatherArt,xiaohu.ai,2300.0
GmijcT8hv,Master Prompt,Yohan Grondin,2300.0
vYzt7bvAm,AI Doctor,Yaniv Goldenberg,2200.0
y7yC35HB9,Flowbite GPT,flowbite.com,2200.0
wETMBcESv,OCR,ocr.chat,2200.0
QFAuxHmUa,@levelsio,photoai.com,2200.0
LjmHKgJZO,Hacker Art (by rez0),josephthacker.com,2200.0
e2bIguMqf,FindGPT,nofwl.com,2200.0
1qBbVvF0T,æ­¦æ—ç§˜ä¼ ï¼šæ±Ÿæ¹–æ¢é™© Secrets of Martial Arts,gptfinder.co,2200.0
dmgFloZ5w,Storyteller,manu.vision,2200.0
yUh3EEQan,Levels.fyi GPT,Zaheer Mohiuddin,2200.0
3p94K4Djb,CONSOLE GPT,"Fabian Stelzer, Spellcasters, Inc.",2200.0
yPLAsV2bz,ProfileReview.com â¤ï¸â€ğŸ”¥,photoai.com,2100.0
UiLPuZ5ZZ,Prototyper,Florian Standhartinger,2100.0
5uKZEh1up,Modern Next.js Assistant,navidre.com,2100.0
BVAcMP7wX,Portrait Cartoonator,rsugrafx.com,2100.0
R9Dry2N5h,Paper Interpreter,daichikonno.jp,2100.0
D2Dqz1XIy,Voice/Style/Tone AI Prompt Snippet Generator,nicoleleffer.com,2100.0
pphsHvpFG,Expert AI Consultant,Digiagent,2100.0
BqnVpR9J6,åºƒå‘Šã§ä½¿ãˆã‚‹ç¾äººç¾å¥³ç”»åƒç”ŸæˆBOT,videovision.jp,2100.0
cGx5me4XG,å‰æ‰‹ GPT,Quinn Leng,2100.0
zjMvl4pFx,Impress Me GPT,,2100.0
gmeHD0Ayr,ExtractWisdom,danielmiessler.com,2100.0
OHtksi5YI,Essay Writer ğŸ˜,essaypro.com,2000.0
VX52iRD3r,AI Paper Polisher Pro,Haiwen Huang,2000.0
6TW6hL3cK,Cyber Scraper: Seraphina (Web Crawler),lysonober.com,2000.0
UbpNAGYL9,âœï¸All-around Writer (Professional Version),Kevin Ivery,2000.0
POb5UhhJ6,AutoGPT Agent,agilayer.com,2000.0
87zN9yfMy,çŸ­è§†é¢‘è„šæœ¬,gpt.hroid.top,2000.0
qmXM09KRi,è«–æ–‡ã‚ˆã‚ã‚‹å›,yuiseki.net,2000.0
5QhhdsfDj,Diagrams: Show Me,helpful.dev,2000.0
ySbhcRtru,Fully SEO Optimized Article including FAQ's,Muhammad Talha,2000.0
3Df4zQppr,CuratorGPT,Shushant Lakhyani,2000.0
P6MdNuLzH,GPT store,NAIF J ALOTAIBI,1900.0
BfmuJziwz,SEObot,seobotai.com,1900.0
CLVTWPYJh,img2waifu,neural.love,1900.0
KkTq7dkUB,Assistant Assistant,Riley J Goodside,1900.0
R4H9Al3sl,Voice Over Generator,musicradiocreative.com,1900.0
YOX44Hyzj,English ç¿»è¯‘å¤©å›¢,axtonliu.ai,1900.0
f52QYAJK1,Unreal Engine 5 Expert,artificial-nightmares.com,1900.0
INlwuHdxU,Screenplay GPT,kyrannio m margharos,1900.0
YgkKaPZNm,Academic Research Reviewer,M Rizwan,1900.0
BpNSS4QND,å…¨çƒAIå¿«è®¯,topgpt.us,1900.0
ZbDOdkbFb,SeanGPT - Copywriting Coach & Consultant,sean.co,1900.0
ZBcH9ObZi,Website Roaster GPT,cartbuddygpt.com,1900.0
QSh6KHL3S,PDF Reader,webcafesoftware.com,1800.0
6ZUmX9lJV,Assistant Hunter,assistanthunt.com,1800.0
82ALdp8Nj,Automated Blog Post Writer,octaneai.com,1800.0
1zMekbWTA,Tattoo GPT,Michael Moncada,1800.0
mVgGziF2g,YoutubeSummary,jiaxin liu,1800.0
SQTa6OMNN,Meme Magic,ratcgpts.com,1800.0
LppT0lwkB,OpenStorytelling Plus,BRYAN HARRIS,1800.0
HRAQzWCit,GPT Finder,PHUC TRAN,1800.0
lZyqrAf8w,UnrestrictedGPT,,1800.0
gnM4CjCZz,Presentation Architect,WBS Training AG (DCE),1800.0
waDWNw2J3,Character Forger,learnaiwiz.com,1800.0
Apzuylaqk,LangGPT,gpts.langgpt.ai,1700.0
OSVW9rZqu,æ‚²æ…˜ä¸–ç•Œ RPG,LU CHE YU,1700.0
ZtH9986EJ,GIF Maker,YOTA ISHIKAWA,1700.0
0jo3VnZYR,AGI,Ambitious AIæ ªå¼ä¼šç¤¾,1700.0
hiKxJNAlp,AI Filmmaking Assistant,thereelrobot.com,1700.0
cJtHaGnyo,SlidesGPT PowerPoint AI Copilot,slidesgpt.com,1700.0
qwp9jR7Fd,What Would Apple Do?,Jason Culbertson,1700.0
VgadmpesQ,YouTubeGPT,Miguel Piedrafita,1700.0
4SR97unOA,AI Today,webpilot.ai,1700.0
DrQzIJn2K,Super Prompter,neuralnest.org,1700.0
34Bg3Tn32,ArticleGPT,deveci.bio,1600.0
zMRWQxwDU,Avian,avian.io,1600.0
szDdJUX9V,Finance GPT,Trent Shull,1600.0
4CktagQWR,X Optimizer GPT,Rowan Cheung,1600.0
tcXXGxXmA,Nova Mode Pro - AI Authoring Productivity Tool,Nova Spivack,1600.0
Xt0xteYE8,YT transcriber,gpt.swyx.io,1600.0
PWizFQk8C,Blog Expert,Faisal Binateeq,1600.0
W708TXoFs,Jordan Peterson - Honest Psychologist,Digiagent,1600.0
mGXmgcSla,Coder/ Programmer V2.3 (by GB),Gajs Barels,1600.0
Hj4DkJtuE,FREE AI SEO Keyword Research Tool,juliangoldie.com,1500.0
kZ0eYXlJe,Scholar GPT,awesomegpts.ai,1500.0
j456qiaTg,ç´«å¾®æ–—æ•°å¤§å¸ˆ,alcheap.net,1500.0
xk6AdDGIW,è‹±æ–‡æ ¡æ­£GPT,,1500.0
cxe3Tq6Ha,TaxGPT,Bojan Tunguz,1500.0
vkqvYa3ZX,PPC Support and Strategy Advise (by Thomas Eccel),Thomas Eccel,1500.0
Q7rsLlR1A,SEO Topical Map Maker,juliangoldie.com,1500.0
qd7DavBQS,Remote Job Finder,Nithur,1500.0
f8phtYiLj,å¹¿å‘Šæ–‡æ¡ˆå¤§å¸ˆ,wa gaga,1500.0
qf1e26nq4,Browse GPTs,Andre Retterath,1500.0
3yf7GNkby,SigTech,SIG Technologies Limited,1500.0
xTTbsqUyB,Kraftful,,1500.0
GhEwyi2R1,Evolution Chamber,mindgoblinstudios.com,1500.0
ZcHiHNtc5,"Chinese BaZi Fortune Teller (å…«å­—ç®—å‘½, ç²¾å‡†æ’ç›˜è§£è¯»)",structifi.com,1500.0
12wFG06dX,Code Buddy,Casey Wilcox,1500.0
fylG5LcKT,Full-Stack Dev - Apiana Framer v2,collaborativedynamics.net,1500.0
WZjelkFDn,Academic Translator (to English),MATSUI KENTARO,1400.0
VyliDiSyc,SymfonyGPT,yoandev.co,1400.0
DTk1KpYjg,PDF Translator GPT,,1400.0
qliBh8kVN,ã‚¹ãƒ¼ãƒ‘ãƒ¼ã‚¢ãƒ—ãƒªãƒ‡ã‚¶ã‚¤ãƒŠãƒ¼ã€ŒãƒŠãƒƒãƒ”ãƒ¼å›ã€,TOMOYUKI ENOMOTO,1400.0
w2yOasK1r,Quality Raters SEO Guide,copywriting-ai.fr,1400.0
2BLkATOEr,Stock Image Generator,Nicholas LaRue,1400.0
Ji2QOyMml,Copywriter GPT,Adrian,1400.0
foiuswpIJ,CUDA GPT,Bojan Tunguz,1400.0
inkifSixn,High-Quality Review Analyzer,Caitlin Hathaway,1400.0
wVVfCAdan,PixVerse - Generate videos for free,pixverse.ai,1400.0
L29PpDmgg,OCR-GPT,Siyang Qiu,1400.0
kqoHyoLcO,Copywriter,myaiadvantage.com,1400.0
XUgnMbahO,LimitlessGPT,Naja Faysal,1400.0
nlZ7YiDfx,Design Critique,Bryan Sellers,1400.0
PimKVGCU0,High quality AI image prompt creator & Generator,Jordan Messmer,1400.0
DpGlZrobT,Writing Assistant,Junmin Liu,1400.0
IcZbvOaf4,FramerGPT,framer.today,1400.0
vI2kaiM9N,Whimsical Diagrams,Kaspars Dancis,1400.0
mMR39V6Vd,YT Video Transcripts,Stephen Casella,1400.0
UPuGbvUJn,è®ºæ–‡æ¶¦è‰²å¤§å¸ˆ,sdfearhbart,1400.0
ikwGM4grU,UpScaler,Harold Weiss,1400.0
SuWVXlmkP,Codey,heaven.tools,1400.0
gn4x4nrsF,Code Companion,OpenValue Rotterdam BV,1400.0
t37VkYd30,Pixarize Me,Serkan DayÄ±cÄ±k,1400.0
GWScFjDof,Rijmpiet,Nodefy,1300.0
L6MVCKIsU,Alex Hormozi GPT,yannick van draanen,1300.0
Yq6dVA1M5,Gemini UltraÂ®,@mentor.ia.digital,1300.0
iVolzNwa5,Cold Mail by DoMore.ai,domore.ai,1300.0
OdwKeQjDm,Healthy Chef,daniel garcia acosta,1300.0
RnFjPkxAt,Nomad List,photoai.com,1300.0
3WsWtge73,GA4 SQL,optimizationup.com,1300.0
1BcoLIZwr,Unreal Assistant,TREE INDUSTRIES,1300.0
EMpawNB7G,Python Pal,Andrej Baranovskij,1300.0
0t8c9nEXR,è€çˆ¸ï¼Œè¯¥æ€ä¹ˆåŠï¼Ÿ,Junmin Liu,1300.0
1wExrKkCI,YoutubeSummariesGPT by Merlin,getmerlin.in,1300.0
4MHbTepWO,PentestGPT,DENG GELEI,1300.0
PejNhgUDQ,Write 100% NLP Optimized Article & Visual Creation,Muhammad Talha,1300.0
CE8weAzU3,Web Quality Analyst,Kristi Hines,1300.0
Y0W0GCBw9,ç®—å‘½å…ˆç”Ÿ,ZHOUYING,1300.0
LRPcOO46s,Chatè»¢ç”Ÿ,Takayuki Fukatsu,1300.0
Ax3BWIz0M,Image Generator Tool,khadmat.co,1200.0
2OyX2ZiUk,Math AI ğŸ§®,gptfinder.co,1200.0
tX4vqCUzc,Python Quant,Jonathan Kinlay,1200.0
NexIyeZXN,Anime Girls GPT,BUSINESS CARD,1200.0
h4gjGg7a0,Book to Prompt,Lucas C Pimentel,1200.0
B3qi2zKGB,ComfyUI Assistant,comfypark.cn,1200.0
Z4Z3dVrjT,Professional LI Post Writer,Digiagent,1200.0
uB2GTSCo7,Logo Maker GPT,godofprompt.ai,1200.0
bn1w7q8hm,Secret Code Guardian,pyroprompts.com,1200.0
wAdOwUEo4,Documentary Style Images,Eric Palazzolo,1200.0
dmr3iNu0M,San Andreas GPT,web3.career,1200.0
8ex81F0ym,å®Œè›‹ï¼Œæˆ‘è¢«ç¾å¥³åŒ…å›´äº†(AIåŒäºº),ikena.ai,1200.0
PZ2d3ryc8,Stable Diffusion Prompter,BRENT T YOUNG,1200.0
N2SX91z7G,Web Reader,level2labs.ai,1200.0
tWO2dtULN,Socrates GPT,Daragh Walsh,1200.0
6BEH95Qk4,å›¾ç‰‡æè¿°æ‹†è§£å¤§å¸ˆ,wa gaga,1200.0
K770puBb6,Agent Finder (By Staf.ai and AgentOps.ai),Adam Silverman,1200.0
cNLNWsBdX,Insta Guru,gptsdex.com,1200.0
asjT98uiQ,Viral Tweet Crafter,Jonas Birk,1200.0
pHgfp5zic,Chibi Kohaku (çŒ«éŸ³ã‚³ãƒã‚¯),tr1ppy.com,1200.0
rE1SApzUX,Samurai â›© AI summary,gosamurai.ai,1200.0
ifP7V7mmC,Plagiarism Checker,studyx.ai,1100.0
8KwGIRJhH,SEOGPT by KKP,Kosch Klink Performance GmbH,1100.0
hiVeyDDpv,Resume Builder,andrey zagoruiko,1100.0
sUTYyc8J0,SearchQualityGPT,Tejas Narendra Rane,1100.0
b9B1Asg8B,AI Essay Writer by Textero.ai,textero.ai,1100.0
CqSxj3cSa,SEO BlogGPT,S. J,1100.0
U5ZnmObzh,MagicUnprotect,Thomas Roccia,1100.0
VLxROyIAX,FAQ Generator,,1100.0
oNyW1YcOI,Best AI Writer GPT (#1 AI Text Generator),Toft Digital ApS,1100.0
wOzU4bXYb,Awesome Python,ai-review.xyz,1100.0
0QQyby0Vj,Slide Deck Builder,Digiagent,1100.0
QpUG7SzdW,FREE Character Consistency AI Tool,Ravjar Said,1100.0
lIAp9qowx,HAAS Assistant,Compile - Tomasz Kasperczyk,1100.0
bjIRYGrAM,LP Wizard,YOTA ISHIKAWA,1100.0
N82dqklAi,Full Stack Developer,suefel.com,1100.0
Kk2PHw8oQ,Plant Doctor,chatgptlogin.help,1100.0
2HsdTSQrA,Academic Writing Assistant,Yifei Lu,1100.0
XrwZyE9OZ,TL;DR,orrenprunckun.com,1100.0
a9JivI0y2,Consistent Character Image Generator,ailemonacademy.com,1100.0
eRhGE7LRy,Ugly Draw to Masterpiece,copywriting-ai.fr,1100.0
g24EzkDta,Voxscript,allwiretech.com,1100.0
MmeidA8H2,SPARK âœ§,utopiacriativa.com,1100.0
NlsXX52uQ,Story to Image,Lu,1100.0
8F8CR1D2b,Mystic Tarot Reader,Vishal Rampersad,1100.0
MgGYzeyyK,æƒ…æ„Ÿå¯¹è¯å¤§å¸ˆâ€”â€”å¸®ä½ å›å¤å¥³ç”Ÿ,Audria Rice,1100.0
qvSadylbt,SOC Copilot,Lewis,1100.0
3Ogx49vEy,Pair Programmer,mehmetali.co,1100.0
imWUi8fVO,AwesomeGPTs,Kevin Ivery,1100.0
2PldCK28L,æ—¥æœ¬èªChatGPT,Johnetta Kovacek,1000.0
uiTkdGOyn,Zero GPT Detector,accessgpts.com,1000.0
WYlcscE2T,Pawtrait Creator,rsugrafx.com,1000.0
ihJfmYAJn,Gantt Chart GPT,onlinegantt.com,1000.0
jrW2FRbTX,20K Vocab builder,,1000.0
QDH66GBOA,AI Prompt Generator GPT,godofprompt.ai,1000.0
rH6TFJSSV,Painting Auto Agent - saysay.ai,Takayuki Fukatsu,1000.0
joNEaBeza,The Intelligo AI | AI News & Updates,theintelligo.com,1000.0
6jFncOc0w,ç‹é˜³æ˜,Bruno Konopelski,1000.0
VtGdv9Ulz,Literature Review GPT,Shih-Hsien Yang,1000.0
lbLmoUxk6,ğŸ© Get Simpsonized! ğŸ©,sprintrade.com,1000.0
vIV2R7wST,MS-Presentation,Josh Brent N. Villocido,1000.0
L8d0V9m7b,AI Tool Finder,ai-finder.net,1000.0
SO1P9FFKP,Blog Post Generator,usevisuals.com,1000.0
4wleGSafJ,Stories from the Apple Design Team,darius.design,1000.0
8D7chCEXW,GPTs å•†åº—æ£€ç´¢,chat.xiaozeai.com,1000.0
btyd1Gl5w,txt2img supporter,MIURA KEITO,1000.0
C4rH3L0Em,Language Coach,LIGANG YAN,1000.0
0rEqOrxuJ,LOGO Generater,MIURA KEITO,1000.0
XxQgZLxX9,Consistent Image Generator,LEETAEKYUNG,1000.0
QhbhYo1Tb,Founder's Friend,every.to,990.0
EvV57BRZ0,CEO GPT,Kiseki Technologies Limited,990.0
kfkNLRrwD,Grammar Checker,studyx.ai,970.0
6DFOTUqUv,Revenue-driven SEO keyword research and analysis,Julian Canlas,970.0
Vdc2faxMI,Effortless Book Summary,Alberto Marcos,970.0
RKXe3aooI,å’Œè‹±ç¿»è¨³GPT,,960.0
sD6wtjB8a,ChatPaper,RONGKANG,950.0
PVVH9WZDN,FreeGPT,Erek Napora,950.0
9UDV0VqYn,Mark Ritson Bot,stoopstudios.io,940.0
mMVQXFIGp,GPT Creator,ratcgpts.com,940.0
YAgNxPJEq,AutoExpert (Academic),llmimagineers.com,940.0
r5Jaw1MFS,Following Through GPT,,940.0
Br0UFtDCR,Interview Coach,Danny Graziosi,940.0
MXpLvufG8,FramerGPT,Isaac Roberts,940.0
lUygohS2m,Content Rewriter,orrenprunckun.com,930.0
4VqF5ooPe,UX Copywriter,kavirkaycee.com,930.0
LJXBRdhUB,Figma Coder,Mohamed Maail,920.0
OVHGnZl5G,ID Photo Pro,Johnetta Kovacek,920.0
7n0uzvk4V,AIå¡”ç½—å¤§å¸ˆ,Pengxiao Wang,920.0
03gMmWQdj,Earn AI,earnproject.org,920.0
LIb0ywaxQ,U.S. immigration assistant,Robert Lukoshka,910.0
6XolCY95X,Cartoonize Me | Photo to Cartoon | Character Maker,Jack Culpan,900.0
ZHQ7cM2ng,DefiLlama,John Kufuor,900.0
7C0wg9CMN,Book Creator Guide,CHOI YONG,900.0
QpUGlIzio,Code Architect for Nuxt,codearchitect.dev,900.0
zMhdMGjRO,(æ—§)ãƒ–ãƒ­ã‚°åŸ·ç­†ã‚¢ã‚·ã‚¹ã‚¿ãƒ³ãƒˆ,Koichiro Matsuoka,890.0
gNH4K4Egg,shownotes,Christopher Byrne,890.0
VnlKc5BQK,FastGPT âš¡,dave.engineer,890.0
GGqU669bx,CyberGPT,Edward Prentice,890.0
U6y5TqwA9,Choose your own adventure!,,880.0
BT0Ihrprq,Rust Samurai,safurai.com,880.0
AtRiwHyIH,Anime GPT,integai.space,880.0
0ol5nPrqr,ç¢ºå®šç”³å‘Šã«ã¤ã„ã¦æ•™ãˆã¦ãã‚Œã‚‹å›,MAIKO ANDO,870.0
YDkPh1fun,Unity GPT,Volodymyr Ilianov,870.0
XA2KXGfdR,3Dé ­åƒè½‰è­¯å™¨,èŠæ­£æ—º,870.0
BIfVX3cVX,HackerNews GPT,kadoa.com,870.0
XESLWF1uQ,Escape the Haunt,octaneai.com,870.0
KAJaqYydM,"ç³Ÿç³•, æˆ‘è¢«å¤¸å¥–åŒ…å›´äº†",,870.0
5P7Iz0bPG,AI Girlfriend,Robot Future,860.0
fPzByEgI1,The Design System Guide,"Nueva, Romina Kavcic s.p.",860.0
fCIE7hCLx,ATT&CK Mate,Cyb3rWard0g,860.0
FqN5gHFkP,Quill,Josh Brent N. Villocido,860.0
PiOxyaiBO,ç‹—ç†Šå­¦è‹±è¯­,Bear Liu,860.0
9PmeCxa4O,Cyber Mentor,Huayu Qin,850.0
IrGYr2y8l,Figmo,Pablo Stanley,850.0
OoRI36Lnt,Web Designer,myaiadvantage.com,850.0
wE9SWrR22,æ•è…•ãƒãƒ³ã‚¬ãƒ»ãƒ©ãƒãƒ™ç·¨é›†è€…ãŠå§‰ã¡ã‚ƒã‚“ - saysay.ai,Takayuki Fukatsu,850.0
bWpihiZ0d,Breakdown: Outline Any Topic,puzzle.today,840.0
QSefYCKUc,Reviewer 2,camel-ai.org,840.0
ASMq03VdH,RubyGPT,Niklas Haeusele,840.0
jfDEwfsrT,SEO GPT by Writesonic,writesonic.com,830.0
J75qypPUU,Math Mentor,,830.0
fnrMLZJ4V,Rebuttal Pro,camel-ai.org,830.0
IrGoWPgsK,AnKing Expert,,830.0
RCXRXgLOX,GPT Search,starterbuild.com,830.0
kRJTcQez8,API Alchemist,IALife,830.0
22ncAxdB2,Code Comment Gen - saysay.ai,Takayuki Fukatsu,830.0
afTYtrccz,Avatar Maker by HeadshotPro,headshotpro.com,820.0
dVqKtIBnV,Image Alchemy,ai-techtalk-navi.com,820.0
0StMub6wV,Trader,Ayesha Raja,820.0
MlFC6VFtz,Mind Map Maestro,Hayashi Shunsuke,820.0
C2WAQCfjN,ä¸­æ–‡æ—©å®‰å›¾,Xinyang Qiu,820.0
PAHVE3a64,"Moss, the Go expert",James Pond,820.0
6Uo9lNEFV,è§£æ¢¦å¤§å¸ˆ,robertmao.com,810.0
0rt7RB6dx,Code to Diagram,Takayuki Fukatsu,810.0
UGjKKONEe,DomainsGPT,oneword.domains,810.0
ib5cn1Z8w,PFP GPT,CR WARD,810.0
pzTavd88i,å­™å­å…µæ³•å„å®¶è§£è¯´,gptfinder.co,800.0
YL87j8C7S,è¶…å¼ºLOGOç”Ÿæˆå™¨,,800.0
Lmt2TBepG,LifeOS,ELI L ROUSSO,800.0
iMWCFq13Z,QuantGenie AI,MOSES KIPNGETICH YEBEI,800.0
erUOvZbnL,Justin Welsh's Content Matrix,Joel Pickin,790.0
YJOIJ0EMz,Prompt Polisher,ratcgpts.com,780.0
MQuQhmq0N,Disneyfy Me,Aaron Misash Apaza Coaquira,780.0
tAOlskeJJ,Schema Advisor - Amanda Jordan,Amanda Jordan,770.0
8ub2QitRE,GSC Keyword Ranking Changes Scatter Plot,Marie Haynes Consulting Inc.,770.0
Y3I1GyGUn,ç´«å¾®æ–—æ•°,dagen.life,770.0
rA3A19hwi,ECD GPT,MR HARRY ROTH,760.0
M1LP4l1Kf,Plus AI Presentation Maker,plusdocs.com,760.0
DI0CBsiYZ,å¼ ä¸€é¸£,,760.0
MDifCcEK2,ChatPDF,promptboom.com,760.0
liOqpzb4E,Sprite Me Baby,chad crumbaker,760.0
cvL6Fk76M,Communication Coach,Jeff Callahan,760.0
5oAqcka8l,SDXL Artist,Ignacio Alonso,760.0
wJVjE9bQs,Pic-book Artist,ZHANG RUI,760.0
u27ZCAhaF,Flutter GPT by Whitebox,James Donovan,760.0
tjKL5lgmR,Color Palette Pro,steventhemaker.com,750.0
mbU767b1e,DeepCSV,Carlos Santana Vega,750.0
FMXlNpFkB,Diffusion Master,RUSLAN LICHENKO,750.0
IwTcGnsnp,Q*,Jan Oelze,750.0
dq9i42tRO,ChatXGB,Bojan Tunguz,740.0
x6IYjnFr9,Genio del copy,INSIGHTS DIGITAL MARKETING ACADEMY SLU,740.0
4KMhpPPW5,Python Samurai,safurai.com,740.0
uGueIrCsT,IELTS Speaking Simulator,hubeiqiao.com,740.0
eLEBPLViN,App-GPT,Girish Kumar,730.0
fL6Xsk6UU,Free YouTube Summarizer,Natzir Turrado Ruiz,730.0
RebirpTgg,Code Mentor,Digiagent,730.0
dtkGX8MrO,Pentest reporter,Lucien Doustaly,730.0
di2eDNsY8,AIç¿»è¯‘å®˜,Kai Jiang,730.0
LmRBZpu94,ArXivGPT,,730.0
7vtCjvxkz,âœï¸Paraphraser & Proofreader (Professional Version),Kevin Ivery,720.0
PYS3yQ5eI,Humanizer V2.3 (by GB),Gajs Barels,720.0
noFRwbK6K,Geopolitics GPT,siamintelligenceunit.com,720.0
c1Td5YGgP,Smart Calories - Calories Calculator,aistartupkit.com,720.0
JhGLZhZSw,RailsGPT,Henry Nawrocki,720.0
mZsR8ScZ2,ğŸ§™â€â™‚ï¸ç®—å‘½å…ˆç”Ÿ,,710.0
vWcWGHZXf,Story Builder,Alejandro F,710.0
rQbzHQkZ3,Realism GPT,godofprompt.ai,710.0
TgbNxD435,Brand Botâ„¢,JUST Creative Design Pty Ltd,710.0
vw97l3S58,The Christmas Card Maker,seo.ai,700.0
I8xxsv76S,Magic Writer,Ilias Ismanalijev,700.0
a9pQmjmr0,Short-Form Writer,,700.0
ytv04w3nC,Pixel Art Wizard,,700.0
OBbIjdVAD,Draw Almost Anything Bot,griproom.com,700.0
vMVMgb9R4,2024 Market Outlooks Nerd,Ignacio Ramirez Moreno,700.0
76iz872HL,CISO AI,hypergame.ai,700.0
qu8dSBqEH,Trending Tik Tok Hashtags Finder Tool,seo.ai,690.0
KxGmdTS9t,GPT Selector,codefromanywhere.com,690.0
aZQ1x6vqB,"Cylect.io, the Ultimate AI OSINT Tool, Beta v0.0.3",cylect.io,690.0
Mb5EGmRJm,Win With Huberman,wisdominanutshell.academy,690.0
CnOedusqb,Sketchy,word.studio,690.0
iPOQIlHpk,Resume writer - Enhance your resume with AI,resume.co,690.0
PaKEiWpDG,Pitch Deck Analyzer,Vladyslav Tislenko,690.0
KPnm1WrOB,ScrapeGPT,artificialcorner.com,680.0
WxckXARTP,Astrology Birth Chart GPT,Dalexa Limited,680.0
IWwQ3aWRA,çˆ†æ–‡æ ‡é¢˜è¾¾äºº,Dwood,680.0
VJfk8tcd8,The Rizz Game,puzzle.today,670.0
0Lsw9zT25,Synthia ğŸ˜‹ğŸŒŸ,,670.0
89ansFUon,The Psychologist,lespetitesanalyses.com,670.0
804sC5lJ6,AI Explained Bot,,670.0
UF8QlvSsU,Research Paper Writing,MD BABU MIA,670.0
MP5Cx7F7W,Meme Machine,Benjasmin,670.0
hGZfiZ2h5,Logo GPT,Julius Grady,670.0
ICtJkldZu,Rewrite,Josh Brent N. Villocido,660.0
7ytGE8k6i,Python GPT,Davide Camera,660.0
j2SiQ1crr,Pixelart Sprites Creator,SORA SHIMIZU,650.0
FOawqrxih,MetabolismBoosterGPT,Shushant Lakhyani,650.0
z6g4Tux4I,Coloring Page Generator,Nicholas LaRue,650.0
MbgZcp3tE,FREE Keyword Clustering Tool: Group SEO Keywords,juliangoldie.com,640.0
AlNmF07U1,Anki Wizard ğŸ§™ğŸ»â€â™‚ï¸,Isaac Viera Lozano,640.0
EiuGnRrIt,Doctor GPT,Sam W,640.0
OjydyOs4O,The Stoic Council,,640.0
BbQRqsYSX,Creative Logo Generator by Mojju,mojju.co,640.0
pIgxxzym8,OAI Navigator,hato.ai,630.0
RWu4oLlKL,The Minimalist Entrepreneur,Sahil Lavingia,630.0
RG28C1i2q,ä¸‰äººã®ã‚¨ãƒ¼ã‚¸ã‚§ãƒ³ãƒˆ,Ambitious AIæ ªå¼ä¼šç¤¾,630.0
qd7UDCT6K,CodeGPT,Anusheel Bhushan,630.0
KK6ms1ehm,GPTs Hub,martyn fisher,630.0
GvcYCKPIH,Video Summary AI,Klym Zhuravlov-Iuzefovych,620.0
0rUSJxBjP,SNSæŠ•ç¨¿ã¤ãã€œã‚‹,yukiko nito,620.0
GHseSUJpC,Essay Writer,studyx.ai,620.0
VKcQOkPTV,Bitcoin Sentiment,orrenprunckun.com,620.0
Ev8pDjD1u,StorybookGPT,Kaelig Deloumeau-Prigent,610.0
uZnmTo2Cv,SouthParkMe,Ryan Merket,610.0
LYDRCiZB9,YC Application GPT,papermark.io,610.0
RfQI5RmAX,HackerNews GPT,writingmate.ai,610.0
Op6Btk7ev,Web Hacking Wizard,Alexander Hagenah,610.0
sRLY4v9ah,SDXL Prompt Crafter,Polgar Miklos,600.0
EwFUWU7YB,Flipper Zero App Builder,khalifa alkhatri,600.0
OxpESOaaA,How to Become a Millionaire,R J Heasman,600.0
Pk6257F2q,GPT Builder åŠ©æ‰‹,axtonliu.ai,590.0
bIrnI1355,Seer's Screaming Frog & Technical SEO Companion,Jordan Strauss,590.0
GWdqYPusV,AI Lover,Simon Liao,590.0
of76toeEg,Career Coach,keisuke ohno,590.0
QLJGrcTw5,GPT Maker,teachgpt.com,590.0
1LM0T9LSW,AI Comic Maker,UtileLabs,590.0
Th6nv2nQQ,App Builder,manu.vision,590.0
C9Vn0SycL,Web Performance Engineer,Darwin Santos,580.0
WYuew8C64,Tattoo Design & Stencil,Amy Smith,580.0
tvkmLhaoL,Data Dynamo,Thu Vu,580.0
Kyid8SvRW,å¤§é˜ªã®ãŠã°ã¡ã‚ƒã‚“ã®è‹±èªæ•™å®¤,Satoshi Nakajima,580.0
J9EWjR3ga,GA4 BigQuery Composer,Himanshu Sharma,570.0
gmnjKZywZ,TherapistGPT,audiencestrategies.com,570.0
yq8bcRni5,AI Mentor,manu.vision,570.0
PTLXUA56g,From image to text ğŸ“·ğŸ’¬,sprintrade.com,570.0
EkEzOXpHq,Notion (éå…¬å¼),,570.0
XoeIm1Zpo,SaaS GPT Lab,Matt Harney @SaaSletter,570.0
rxbxrsVXA,ã‹ã‚ã„ã„ä¼æ¥­ã‚­ãƒ£ãƒ©ã‚¯ã‚¿ãƒ¼ã‚’1åˆ†ã§åˆ¶ä½œï¼,Makoto Sakata,570.0
pnsShBNY8,Stock Market Analyst,,570.0
9tO10WKi2,DevRel Guide,ROHIT GHUMARE,560.0
Gpu8ZMR52,CapCut,,560.0
t7Ut56LlE,Elon,Robert Lukoshka,560.0
fQ6GAANfi,GPT Enhancer,Josh Brent N. Villocido,560.0
AKzfJVxof,å­¦ä¹ æ•™ç»ƒ-æ‰¹åˆ¤æ€§æ€ç»´æ•™ç»ƒ v231123,gpt.candobear.com,560.0
hHYE7By6Y,Manga Miko - Anime Girlfriend,Declan Gessel,550.0
FR1YebRRN,èµ›åšæ—äº¦,,540.0
I5DyGxWvg,GA4 Commander,searchcommander.com,540.0
FirDmP6nD,Startup Mentor,ai-anywhere.com,540.0
gmebGTx7D,AutoExpert (Video),llmimagineers.com,540.0
Pv0OHaxUQ,News GPT,AIED LTD,540.0
ZRkaqmDXo,Stock Guru,Think North Consultancy,540.0
O3tctcceY,Roast my website,typo-labs.com,540.0
3aQFDEC4K,Spanos,Taurean McDade,540.0
D2j1WBTkN,ä¸æƒ³ä¸Šæ¥¼,ZHANG TAO,540.0
OyxC8z1S1,Ad Copy Generator by Adsby,adsby.co,530.0
TZuFpWONL,Texy,Weplash,530.0
4ZGPkDYAV,Grok,James Donovan,530.0
tqfk8svy9,Video Summarizer,professionalizeitto.me,530.0
hXlHRbEkS,Anime Me,BRYAN C WADE,530.0
KZx0da9yo,è‡ªå‹•å°èª¬ç”ŸæˆGPT,,530.0
kAQdmTvhs,Code Optimizer - saysay.ai,Takayuki Fukatsu,520.0
GHYSu1Vw6,Voxscript has moved! See instructions for location,allwiretech.com,520.0
LyzpIPxjV,ãƒ¡ã‚¹ã‚¬ã‚­ AI,tr1ppy.com,520.0
UNNRKLpRj,Children's Story Book Generator,theaieducator.io,520.0
WXEhiLIoP,Image Editor,Ruslan Mustafin,510.0
mMwIpGwE6,Competitive Analysis AI,nerority.com,510.0
zwpbltcB3,Notion Expert GPT,helpkit.so,510.0
kCfSC3b10,AnalystGPT,Robert Snyder,510.0
TVDhLW5fm,GymStreak Workout Creator,Joseph Mambwe,510.0
ru7bMCAfG,Search Intent Optimization Tool,Natzir Turrado Ruiz,510.0
Trn2CdMYk,GPT Idea Roller,Junmin GONG,510.0
4jVwK72yv,ğŸ¤–  Aussy Engineer  âš™ï¸,,510.0
zuHCfIs9y,Hormozi GPT,lionary.com,510.0
8Bup8KxbJ,Startup Pitch Deck,Ivan LR,510.0
Q9aS12PPv,EllaGPT,Alon Oring,510.0
nMt5YfTeF,Six-Y,niyo.link,510.0
S57EWTmJh,ğŸ¦¾ ClubGPT - developer team in one GPT  ğŸ¦¾,clubgpt.vip,510.0
NfgD4dZzu,GPT Store,Jo Ko,510.0
0QePjyUon,Data Science Interview Mate,purrpals.xyz,500.0
giwg7w8Hv,Idea Generator - BRAINSTORMER v2,collaborativedynamics.net,500.0
DNoOyP5Ot,Thorough Reader,Daniel Rodriguez,500.0
iLR60oszh,Art Style Explorer ğŸ–Œï¸,Hoan,500.0
1jKOpO3qF,Market My Site,agilayer.com,500.0
AZajfCZGd,ComposeGPT,composables.com,500.0
TaagvCyTc,Spellbook: Hotkey Pandora's Box,mindgoblinstudios.com,500.0
dhsTdvX8q,Assistants API Navigator,chatgpt-lab.com,500.0
ia4N6TRP3,Logo Craft Unrestricted,MOHD ANAS,500.0
53CnyiuOo,Honest Insight,Digiagent,500.0
9cHXoCfHc,çˆ¹å‘³è¨€è®ºæ‰“åˆ†å™¨,richcatai.com,500.0
VgbIr9TQQ,ask_ida/c++,Elias Bachaalany,500.0
kOkW7TuOA,Youtube Summarizer,studyx.ai,490.0
EdqvwCQkF,DnD GPT,cartbuddygpt.com,490.0
3lSwOZI68,Search GPTs,OpenAI,490.0
ZPYWEYt5w,Tweet AI,flybull.org,490.0
lV5CZ2iBh,Awesome GPTs,awesomegpts.co,490.0
g56f30obv,Player Bits GPT,runtheprompts.com,490.0
igaKzt9pe,CyberGPT,mhsea.com,490.0
3x2jopNpP,ğŸ€My excellent classmates (Help with my homework!),Kevin Ivery,490.0
SY6n1r5hc,Growth Hacker,myaiadvantage.com,490.0
aQ2BRJZTV,UX Design Mentor,Uber,480.0
eQlfHmSH5,Red Team Guide,blueteamguides.com,480.0
TEV4fsP4W,The Adman,adagency.co,480.0
hKdeP1Dou,AI2sql,mustafa ergisi,480.0
k71w2EALS,Midjourney Prompter,krazenlabs.com,480.0
DFVXMwXTh,Anxiety Coach â¤ï¸â€ğŸ”¥,Digiagent,480.0
CYdjsVrEK,Idea Spark,Glauser Creative AB,480.0
pxCBbz3DD,AI Pixar Poster,aipixarposters.com,470.0
76zvwgPGY,Meta ADS Expert  Guide - Inserzionisti.com,INSERZIONISTI.COM SRL,470.0
kROg0f5Tg,Thread Weaver,davideai.dev,470.0
oqPqKBCGY,AI Girlfriend : Joi,joiai.com,470.0
jNQg2cLJz,Video Finder,Yi Lin,470.0
byG64QRaW,Clinical Medicine Handbook,Nyasha Samhembere,470.0
evJ22Dnnp,Startup Name Generator,Prefacta.com,470.0
wHMLNQpQ6,Lego Set Maker,vincentferreira.com,470.0
KfhLWQxTI,SEO Assist,seovendor.co,470.0
Z8RtbJVuE,WordPress GPT (v1.1),Enrique Moreno Tent,470.0
QEj3LcqxZ,AI Lawyer,Richard Rodgers,460.0
sVPjCoAvZ,Circuit Sage,Praveen Kumar P S,460.0
SXDND883j,SEO & Blog Writer Pro,searchmarketing.me,460.0
nsTplEvN8,Seabiscuit: Business Model Master,seabiscuit.ai,460.0
cHwtJ6Ovn,è¶…çº§æç¤ºè¯ç”Ÿæˆå™¨,bestgpts.xyz,460.0
qnggCySn8,Digital Marketing Mentor,Mohammed Seedat,460.0
0e9nkbuRV,Godot Assistant,Ashton Martinez,460.0
p3MWaVvSy,Apple SwiftData Complete Code Expert,Parker Rex,460.0
V8IBA3tIn,Market Maverick GPT,,460.0
VA2ApAENM,Meal Planner,Ray Fernando Jr,460.0
fv45vrNSH,NuxtBot,Fayaz Ahmed Aralikatti,460.0
lI5ceTvrS,ä¼¼é¡”çµµã‚¸ã‚§ãƒãƒ¬ãƒ¼ã‚¿ãƒ¼,,450.0
EwugVj4zq,AutoGen Builder ğŸ§ ,Francisco Jose Cano,450.0
EpPFdzzXa,æ¼«ç”»èƒŒæ™¯ãƒ¡ãƒ¼ã‚«ãƒ¼,SHOTARO MARUYAMA,450.0
EGHIlyWQB,Tech Guru GPT,EIDHER ESCALONA,450.0
xBs1y0HQN,Revenue Catalyst,timcakir.com,450.0
Jz1C0Ntv2,äº’æ€¼,,450.0
snxV3nTiX,HubermanRoutine,danielmiessler.com,450.0
APJkoKk5F,Cody,,450.0
mPyoGmkTR,AnkiX,GPT Labs,440.0
hrRKy1YYK,TailwindCSS builder - WindChat,windchat.link,440.0
9ZYCloFVC,Corrector de textos,M. Zavia Martinez,440.0
ZhPbXQIr5,EditGPT,Radin Najafi,440.0
aYZOjK5zy,ChatGaia,nolank.ca,440.0
aIo36J7pg,GPT / Next.js 14 Coding helper,sean stobo,440.0
59mWdU25F,RustChat,,440.0
fEAJyVYMu,é“æ­‰æ–‡ GPT,LU CHE YU,440.0
fvVMurIdH,Super Practical PM GPT,futureproofpm.com,440.0
pkeXTdBQQ,Mindmap ğŸ§ ,Nextgrid Sp. z o.o.,440.0
uINwYG4Ja,Trippy ã‚«ã‚¹ã‚¿ãƒãƒ¼ã‚µãƒãƒ¼ãƒˆbot (Î²),tr1ppy.com,440.0
q5uXtrvkH,BounceBan.com - Free Email Verification,bounceban.com,430.0
3QDfmGlY8,Excel Brother,JUN TATEBAYASHI,430.0
moRw9jOFI,è«–æ–‡è¦ç´„GPTs,,430.0
L2RrIFklR,AI Essay Writer,aitoolsmarketer.com,430.0
bEiEp8cjF,å…¥é—¨çº§LangChainå¯¼å¸ˆ,Weili Yang,430.0
wxlZYCNcJ,ã‚·ãƒ³ãƒ—ãƒ«ãªæ—¥è‹±ç¿»è¨³,SHOGO HAYASHI,430.0
D5jE3StH8,Bright Outlook,,430.0
UfJwxqXcX,AI Product Hunter,,430.0
A3ueeULl8,Database Builder,backengine.dev,430.0
kt1BRvYKG,Code Explainer,promptboom.com,430.0
xh4uz6ana,AGE yourself! See what you will look like years!,sprintrade.com,430.0
G26270IGw,æç¤ºå® (PromptPal),myaiforce.com,430.0
XC5PsNAwL,TradingView indicator & stratagy developer,corbinvking.com,430.0
chdkF9FKl,PDF to Images,Junmin Liu,430.0
2FbS2bTIy,AIã‚¤ãƒ©ã‚¹ãƒˆãƒ¬ãƒ¼ã‚¿ãƒ¼,,420.0
Dk6K4VJk2,Simple Proofreader,MATSUI KENTARO,420.0
cAWrMnWF2,Elon Muusk,weixiang wang,420.0
ziX1pKYuV,Merlin,merlin.cx,420.0
3nlHuUhnk,å®Œè›‹ï¼Œæˆ‘è¢«ç¾å¥³åŒ…å›´äº†ï¼,WEILIANG SUN,420.0
pGOmGrfJu,ChatSEO,Abi Tyas Tunggal,420.0
tdyNANXla,Moby Dick RPG,word.studio,420.0
eZEuTRpBr,PM Resume Reviewer,Baran Atmanoglu,420.0
pIHrtrNxQ,Summary Bot,getnotable.ai,420.0
CbKz3H83e,English Speaking Instructor,hubeiqiao.com,420.0
thx8m5Hjx,Ask GPT: Who is hiring?,,410.0
ZRwhcEeXQ,Blueprint Intent,Jordan Crawford,410.0
8CtiMcsaF,Search Ads Campaign set-up,Erik van der Veen Internet Marketing,410.0
PsimrHGwP,Win With YC,wisdominanutshell.academy,410.0
5wVuKfpEt,Trading Assistant,Jeongho Lee,410.0
0X4q4iYYN,SAGA,writeonsaga.com,410.0
oUQRqcRmh,Pep-talk Guru,Kristina Kashtanova,410.0
t2onzU3c0,LowCapsGPT,,400.0
SmyRAwWHi,G Ads Script Builder by Taskforce Agency,taskforce.nl,400.0
53G4uH3XE,Website Analyzer,newblack.lv,400.0
IpYeySKKw,emailgeeks,Christopher Byrne,400.0
geuxfh2tz,WP Plugin Builder,jasonwest.com,400.0
0FgRLpAvT,YoutubeToBlogsGPT by Merlin,getmerlin.in,400.0
FReXnZbT8,Math Expert,adcraft.ai,400.0
FgnYEXk3H,Sr. Next Tailwind,,400.0
4fGuYnJC6,Presentation GPT,Kevin Goedecke,390.0
I5ROmY2qv,Resume Architect,KRISHAI TECHNOLOGIES PRIVATE LIMITED,390.0
sKi4RsTGe,Product Manager Bot,kavirkaycee.com,390.0
FR5c6tYGQ,JavaScript Code Interpreter,simonwillison.net,390.0
rkXHYcVrn,Adzviser:  The GPT alternative to Supermetric,Zeyuan Gu,390.0
OIZhXM3W1,TarotGPT,Ethan,390.0
6L0Xno5Xd,MetaGPT,David Wiens,390.0
LNRTqjSt4,Meta Prompt,wa gaga,380.0
kowOn5g3r,PEC - Practice English Conversation,S. J,380.0
tK30z73UA,midjourneyæç¤ºè¯ä¸­æ–‡åˆ†æ,,380.0
5L6O3kCo6,å¡é€šå¤´åƒç”Ÿæˆå™¨,Jerrold Bergnaum,380.0
gtvcsctus,Create a Logo GPT,popularaitools.ai,380.0
d85jvsdEN,ChatGIS,giseros.com,380.0
M271RJaUP,ã€æ—¥æœ¬èªç‰ˆã€‘ãƒ—ãƒ­ãƒ³ãƒ—ãƒˆãƒ‘ãƒ¼ãƒ•ã‚§ã‚¯ãƒˆ,yukiko nito,380.0
vykpmYfqi,Cocktail GPT,Cocktail Chemistry,380.0
7WWy87i9H,Brick Set Visionary,Simon BenjÃ¡min,380.0
fDRzouLSQ,æ™ºèƒ½ç®—å‘½å¸ˆ,billykiakao,380.0
G9nlEG33x,AI Assistant for Resume and Cover Letters,ZEKERI ZEKKERRIYYA,370.0
7tf92Ymff,Shpify - Developer Assistant,Daniel Ehrhardt,370.0
EnFTU2VFm,QR Code Creator & Customizer,Samuel Castillo,370.0
cXaf5hECk,The Solopreneur Coach,Khang Pham,370.0
BQQgalseW,YouTube Quiz Creator,checkfu.com,370.0
tveXvXU5g,QuantFinance,Nicolo Ceneda,370.0
GJdH0BxMk,PhoneixInk,MEHMET GENCAY IÅIK,360.0
5KV2zQ6fT,Icon Generator for Apps and Games,,360.0
XpOL64iRH,Mind Map Generator,studyx.ai,360.0
O6oqtb4zb,Email Humanizer,Josh Brent N. Villocido,360.0
HhC81CsaA,BabyAgi.sql,mindgoblinstudios.com,360.0
RefHU4GKB,Conversion GPT,,360.0
6fEHnJPXY,PresentationGPT,Josh Brent N. Villocido,360.0
qmwbyFQq0,Resume Rocket,,360.0
v7FoB0G1M,Fact Checker,80hdengineering.com,360.0
vjSVjBqvQ,IT NEWS BOT,MIURA KEITO,360.0
G9UufLuvI,(Art Style) Tim Burton,Nicholas LaRue,360.0
nMbWE7g9I,Code Whisperer,ratcgpts.com,360.0
W0lCzVAZH,3D Print Master,dddshop.com,360.0
qm6FQXJU4,YT Shorts assistant,ricardo rosario,360.0
p2M4Atl3N,Paul Graham,Robert Lukoshka,360.0
9W25m8Uog,Product Hunt Launch Assistant,Jack Culpan,350.0
E9P0uHtK8,PDF Books & Downloads ğŸ“š,gptfinder.co,350.0
CxR7vUU0o,çŸ¥è¯†æ¸Šåšçš„å¥èº«æ•™ç»ƒ,XianhongHuang,350.0
Y02w2vCKI,$100M Offer,Paulius Masalskas,350.0
iQQ6Qfd6j,Wallpaper GPT,Prateek Keshari,350.0
veMpTb39A,Travel Planner,dou mai,350.0
Fz5dDMpfz,Alex Hormozi AI,HX Lim,350.0
6jlF3ag0Y,AI Bestie,yongtaizhou,350.0
lA2yevlyk,ResumeGPT,Taylor Wrice,350.0
v9fT5bST5,Art Director,myaiadvantage.com,350.0
A7nHjM8cF,Notion Templates Creator,sevic.dev,350.0
FTM9jPnN4,AdGurus PPC GPT,Ioannis Giovanos,340.0
P5fLqXjsJ,Marketsy.ai eCommerce Seller,Marketsy.ai,340.0
yKDul3yPH,Take Code Captures,oscaramos.dev,340.0
bJKm0Xi2F,The Sommelier,T D Priestley,340.0
9PDMI3Fqr,Midjourney Prompt Generator,breakoutlabs.ai,340.0
eSIFeP4GM,React GPT - Project Builder,ai.douglas.life,340.0
LCEeDPEtQ,Topic Idea Generator,Kristi Hines,340.0
epDnSRPb0,Grade an Op-ed type essay,Arnold S Kling,330.0
xwtecgGfH,AutoShare,charly-ai.com,330.0
OXfEFY59w,! Expert,puzzle.today,330.0
nV0xRgkiY,Packaging Expert,charly-ai.com,330.0
4xipi0nzS,Rika - your virtual girl friend,robertmao.com,330.0
mFRGrqP4Q,å…«å­—å‘½ç›˜,yiqiming.com,330.0
OfG13AhZC,Logo Design Wizard,S. J,320.0
VIGshPZt5,IG Expert,Johnetta Kovacek,320.0
XcxF5gzwg,é‡å†™,,320.0
ysT7pHtQu,Flutter Pro,Ascent Creative,320.0
axr6qhrtc,EconGOAT - GPT,Jeff Holmes,320.0
QxyTWAYXe,ãƒãƒ£ãƒƒãƒˆãšã‚“ã ã‚‚ã‚“,YASUNORI OZAKI,320.0
IzCgfunm8,WebScraper,xukecheng.tech,320.0
mLCnLPQPV,Ableton Guide,Turbo Vision,320.0
WHuhBXJ1H,SEO Article Wizard,Sergii Shvets,320.0
02zmxuXd5,Node.js GPT - Project Builder,ai.douglas.life,320.0
CXIpGA7ub,Video Game Almanac,Evan Betley,320.0
M3nHnGwvI,Summarize Wise,hubeiqiao.com,320.0
PuRr72S9C,BulkBlizzard Cold Email Assistant,bulkblizzard.com,320.0
T8f8atJ0s,Ad Creator,ruv.net,320.0
evY0WQLAX,FREE Keyword Extraction Tool,juliangoldie.com,310.0
lDhYToLlC,VTuberã®æ•è…•ãƒãƒãƒ¼ã‚¸ãƒ£ãƒ¼ AI,ratio-lab.com,310.0
SNLCL5HGB,Athena,,310.0
85Y0gYQuO,Startup Website Copy,Prefacta.com,310.0
FWcRkhydr,ToonSmith,whytryai.com,310.0
dZwTmmgUi,AI CodeSphere,aicodesphere.com,310.0
W663235T1,Float UI GPT,floatui.com,310.0
u3Fw2Om0s,DictGPT(ä¸­æ–‡ç‰ˆ),gantrol.com,310.0
StH7G0VE2,è§’è‰²è¨­å®šç”¢ç”Ÿå™¨ GPT,,310.0
loOLX12QO,React Expert,HAKKI KONU,310.0
IkXqSNDwI,ä¸­æ–‡Chat GPT,Johnetta Kovacek,300.0
XDCJIvXDu,LogoGPT,gpthacks.com,300.0
FzUwJvc6L,4ã‚³ãƒæ¼«ç”»ã‚¸ã‚§ãƒãƒ¬ãƒ¼ã‚¿ãƒ¼,Kumachi,300.0
A8hTX1Ijs,Mystic Conquest Worlds,gptriddle.com,300.0
0myOyNPag,Translator,owo.nz,300.0
5boouomxo,GPT API Schema Builder,newapps4.com,300.0
5jDGtDtXc,PDF Reader,Zhuo Deng,300.0
DgOfY4u43,Web3 GPT,gulzari.xyz,300.0
mHCPUrEvZ,ìš´ì„¸ë°•ì‚¬,nnulu.com,290.0
v1aRJ6GhG,çŒ«è€³ç¾å°‘å¥³ã‚¤ãƒ©ã‚¹ãƒˆãƒ¡ãƒ¼ã‚«ãƒ¼,,290.0
ArK9XUJ8f,Founder's GPT,Milan Bhikadiya,290.0
mMYAFVbFg,Free Logo Maker: Design Your Brand Identity,emanuelescola.com,290.0
LPvERFAtK,Market GPT,York sidorenko,290.0
3xg15bJKK,MetaGPT : Meta Ads AI Marketing Co-Pilot,Christopher Dossman,290.0
bu9ZFIePd,Tinder Love Navigator,wondel.ai,290.0
wOTpbyd21,FITGPTğŸ‹ğŸ»â€â™‚ï¸ğŸ,Ulices Vargas,290.0
yaSo0YdUb,Actioneer AI Startup Coach,Actioneer,290.0
57pyuFVgA,PolitePost,Anson Lai,290.0
5qDoRoGYR,Digital Entrepreneurship Accelerator Coach,Erik Miller,290.0
RbR2klgoW,FFmpegGPT,Daniel Habib,290.0
SBGMg6HzJ,å¤§æ–‡æœ¬æ–‡ä»¶åˆ†å‰²ç¨‹åº,gptfinder.co,290.0
Tq66GpRPJ,Startup Idea Generator,Rafatul Islam,290.0
0fiJrSSdG,Screen Shot to Code,,280.0
YoI0yk3Kv,GPT Builder,chunho yau,280.0
xrrXJlTxd,å¤©æ‰ã‚¤ãƒ³ã‚¿ãƒ“ãƒ¥ãƒ¼ãƒ©ã‚¤ã‚¿ãƒ¼ãã‚“,KAORU NOMURA,280.0
7Y33Q9PnW,Email GPT,Hart Howard,280.0
kLueylWnJ,Video Digest,csz,280.0
puVi10p7j,é‡‘åº¸ç¾¤ä¿ å‚³,è‘‰å®—ç‘‹,280.0
0gbxqCG1B,PDF/DocX Generator,gpt2office.com,280.0
g01XxXs8l,âœï¸ YouTube Summarizer,getnotable.ai,280.0
EcqDm06Kr,Odoo AI,rasard.com,280.0
2IuZvEzNM,Deliverable Genius,hirokaji,280.0
gNSMT0ySH,Ebook Writer & Designer GPT,Dasher,280.0
BAB7FyHQG,Research Papers,logan,280.0
b69I3zwKd,Cyber Security Career Mentor,Nathan House,280.0
qAc9nsF0k,Nuke Copilot,Eduardo Leon Jimenez,280.0
Fhk16eFON,Technical Interviewer (by interviewing.io),interviewing.io,270.0
4Sves4vvr,Image to Code GPT,Subramanya Shenoy,270.0
IBHzsqCq4,Mijourney AI Prompt Generator,B M O SOLANO,270.0
6EgPVsOJl,Short Video Caption Generator,ECHOSELL,270.0
UMzfCVA9Z,World Class Prompt Engineer,nertai.co,270.0
kg49nzfyU,Entity Relation mapping,Hayashi Shunsuke,270.0
vunvlubwn,Moodboard Maker,JUST Creative Design Pty Ltd,270.0
5AiElRJap,SEO Optimizer,studiofarout.com,270.0
VvFdAmgT9,Essay GPT,Aryan Mahindra,270.0
PApRU3tut,Midjourney For Dummies,JosÃ© E Leitner,270.0
yKxlee1Ot,AV Master,Munechika Nishida,270.0
S9YkPkWR1,Neon Prompter GPT,Ralph Lentjes,270.0
dd77hfHbT,Code God Mode ğŸ§â€â™‚ï¸ Cogo V5,ai.douglas.life,270.0
WLP4Zpd7I,ç¦å½©åŒè‰²çƒé¢„æµ‹,Beria Joey,270.0
B7h5aLBX9,é•·å´ãã‚ˆ,,260.0
vSC46LIcg,AIã‚¨ã‚»å¸« byLINEã‚¹ã‚¿ãƒ³ãƒ—è·äºº,,260.0
ls4qHjUfm,Pencil Drawing Art,erman doÄŸan,260.0
ANV4uJM2h,Mockup Creator,Ms Sandra S Frew,260.0
m5lMeGifF,SQL Expert,Dmitry Khanukov,260.0
YdduxKKrP,Flashcards AI,Josh Brent N. Villocido,260.0
v2tp0qDMI,Kannada Gottu GPT,pluginbase.ai,260.0
3v7cTFkz5,DnD 5e Character Creator,reindervosdewael.com,260.0
D1cdSXX12,GIF Magic Maker: See Your Ideas Dance! ğŸ“¸,sprintrade.com,260.0
ke17wkJae,Gitã®ä½¿ã„æ–¹æ•™ãˆã‚‹å›,MAIKO ANDO,260.0
prWOUVEVb,SEM GPT,Michael Himelstein,260.0
Mwca64W4q,Perfect Chirp,promptperfect.xyz,250.0
CaV49KyH9,InvestGPT | Investment and Trading | ç¾æ¸¯è‚¡æŠ•èµ„åŠ©æ‰‹,sparkhit.xyz,250.0
pIKzWkElB,MundlGPT,Strategos.Solutions e.U.,250.0
utrGRZOjU,å­¦ä¹ å¼ºå›½ GPT,,250.0
WqpDjaSHw,Stock Analysis,Iraz K Tejani,250.0
NGLQJphpC,GPT Website Builder,ai.mobirise.com,250.0
nT1RqVJLg,NovaGPT,Christopher Tavolazzi,250.0
wJjpOtGN6,YT Thumbnail Wizard,Devon W Moore,250.0
Rqg4CFv6o,Cyber Guard,gptagentlist.com,250.0
lJ8YsPj51,Anki Master,junyang.wang,250.0
NGsw2zTeW,Malware Rule Master,Nikolaos Chrysaidos,250.0
QfxfXwVYr,736+ Best Custom GPTs for SEO,seo.ai,250.0
iTKuCS2iV,AI PDF å°è©±å°å¸« aka å°æ¨Šç™»,lifehacker.tw,250.0
mHKUZbOLL,Rankofootball,rankofootball.com,250.0
PsK6IFvcV,MyNutrition.Pal,Matthew Blank,250.0
JsDZsZM00,Bob The GPT Builder,Ankit Pal,250.0
KllHiehVO,EmojiGPT,artemio.cc,250.0
KtkfJr2mb,Professor Stoichiometry,matt Strang,250.0
NnkNrcY2A,Prompt Engineer,ai.lucacarabetta.com,250.0
A19aYBnmA,Godot Mentor,surfingshare.com,250.0
Fks60Vx1w,å°„é›•è‹±é›„ä¼ RPG,,250.0
OxdCNZRb0,Trend TrackerğŸ“ˆ,LongshotAI,250.0
PpK3taEVb,Betterscan.io AI Code Analyzer,betterscan.io,250.0
tXEyZoKVx,Create Short Stories to Learn a Language,Gareth Mark Richards,250.0
VLI1wyeZg,EspaÃ±ol Chat GPT,Johnetta Kovacek,240.0
6qXgmAdww,CyberNews GPT,cybernewsgpt.com,240.0
hBDutiLmw,ChadGPT,Chad R Brewbaker,240.0
5gsUqmpGp,Personal Finance,,240.0
6OY2MiFIB,Powerpoint Maker,studyx.ai,240.0
Ta68rQq0v,Domains Hunter GPT,gptswizard.com,240.0
ysjJG1VjM,OSINT-GPT,LJ D Eads,240.0
S4bC5HEjU,Chat Langchain GPT,Simon Prammer,240.0
gUfg2AKQB,Programming Expert,,240.0
giGWRiNpv,Svelte GPT - Project Builder,ai.douglas.life,240.0
mQpThCDN6,GPT Trained on 1000 Landing Pages,seatext.com,240.0
U1EuXEZ6Y,MarketMuse AI,Matthew J Carter,240.0
nRK3Nn5yE,Researcher,Andreas Ramos,240.0
0CAiaGJje,Better GPT Builder,Allison D Morrell,240.0
5MnbPskQ2,Midjourney Prompt Buddy 2,Kevin Belette,240.0
Yrhca6pAj,Decision Journal,Alex Meyer,240.0
aSC9dIv0z,Therapist GPT,artemio.cc,240.0
hYTYhk3Xh,Novel AI,Rafael Souza,240.0
ePemzqiIh,CatGPT,Maytee Chinavanichkit,230.0
Vrhc3aLE1,ì´ë¯¸ì§€ & í…ìŠ¤íŠ¸ ë²ˆì—­ê¸°,U SEONG SEOP,230.0
gOiafuJRX,Keyword Generator by Adsby,adsby.co,230.0
cxO9CWa6Q,Greeting Card Maker,Plain Soft,230.0
Rn20pc9HE,ImageConverter,Junmin Liu,230.0
Cbogw8g2E,Bypass AI Detector,Union Mate,230.0
n6RkUsv74,AI Logo Maker,,230.0
wmMMKSnfz,Godot Guru,,230.0
AVrfRPzod,React AI,fka.dev,230.0
QA3Dl6r3G,Repo Assistant,Samir Alsayad,230.0
J6jAjRtYi,SEO Content Crafter,popularaitools.ai,230.0
hIKtfyRCV,GTD Daily Planner Assistant,coreachdigital.com,230.0
Klhv0H49u,The Shaman,Austin C Potter,230.0
RE2i47Tq1,May,Tan Ha,230.0
TBFIbnp5o,PowerPoint AI,PI DINGHAI,230.0
m8OyGCU2v,Reverse Fashion Search,alexsniffin.com,230.0
y2AieAcdh,Magento GPT,esafarn.com,220.0
6DYy5bwHv,BizToc Official,biztoc.com,220.0
Zx7iKGUvf,Intermediate Microeconomics GPT,Victor Aguiar,220.0
FFiDHK6AF,ãƒãƒƒãƒãƒ³ã‚°ã‚¢ãƒ—ãƒªä¼šè©±ã‚·ãƒŸãƒ¥ãƒ¬ãƒ¼ã‚¿,noumi0k.com,220.0
W2FYyHRma,äº§å“éœ€æ±‚åˆ†æå¸ˆ,ff c,220.0
cs2BZbkTH,Meme Finder,copywriting-ai.fr,220.0
bKgy2W80a,Serial Entrepreneur,myaiadvantage.com,220.0
ZtNSsR0Vh,Product Manager Expert,kusserow felipe,220.0
36cEIs1Xh,Seabiscuit: Business Brand Builder,seabiscuit.ai,220.0
40jGCd8yv,Multi-Step Text Generator w. Content Briefing chat,mister-seo.com,220.0
ois5FM2lq,AI Photo Prompt Builder,Paul DelSignore,220.0
I7vaNgMIz,Prompt Master,,220.0
LUSFniizS,Web Builder,,220.0
RVUmJ1eso,Ebook Creator,IA VIAJERO,220.0
gGAJMWmTX,Fantasy Writer,Bruno Oliveira,220.0
iPJm56eP7,Prompt Optimizer,,220.0
kD2LQB0RB,CassetteAI,cassetteai.com,220.0
OolQ7FMzJ,AI Text Generator GPT,seo.ai,210.0
a6Fpz8NRb,Humanize AI,gptinf.com,210.0
Ezvt5oGuN,Master Design Thinker,Cezary Gesikowski,210.0
pBjw280jj,Proofreader,YAOHUA ZHAO,210.0
yZxPdsK1N,PyPilot,supernovamedia.ca,210.0
qqkD6qdY0,ASO Buddy,Celil Bozkurt,210.0
yfQr3RwWU,Tinder GPT,Patrick Meier,210.0
TCE8R7bcL,Kube Debugger,Sharon,210.0
5el00ZDLl,SEORanKing,Astra Techz,210.0
db0FYjAcC,Logo Craft Pro,heyidb.com,210.0
guIriJS7t,Next.js App Router GPT,Emre Turan,210.0
BCEUhUBbn,FundableAI - Modern Fundraising,"Odobreno, Kristjan Zemljic s.p.",210.0
HKKJ2OO43,SoundAir Kit ğŸ§,Marcelo AndrÃ© Arias Saavedra,210.0
cwigWCh11,Code GPT GPT,James Donovan,210.0
GDLcaFXil,Matlab Tutor,studyx.ai,200.0
92YM5dNFe,Tutor,knuffke.com,200.0
1KKnxZsif,CS50 Tutor,BU,200.0
KNaJuA8xq,Logo Creator,Oleksandr Gamaniuk,200.0
zGNjM0xB2,IB Study Buddy,Derin GÃ¶llÃ¼,200.0
v2bTuGZ8Z,EQ GPT,,200.0
vZktiVWOj,Tailwind Pro,Kui Yang,200.0
dOI2Fnxbm,Voyager | Organize & Budget your Trip âœˆï¸ğŸŒ´,Ruggero Cipriani Foresio,200.0
RDuZGN40d,Structured GPT [GPT-4.5 Unofficial],KEITH M CLIFT,200.0
cfqdubcXo,Assistant API Builder,IALife,200.0
8X4nLLIp1,Market Trend Analysis Agent,nerority.com,200.0
A7c3BLATR,Dungeon Crawler,Josh Brent N. Villocido,200.0
GMuIXzptM,Minion Maker,,200.0
ObnTYhLV2,Product Designer GPT,godofprompt.ai,200.0
R9p35rZ9w,Java Tutor,careercoach.bio,200.0
TX7x24ogI,Ask Y Combinator,mateuszdrozd.pl,200.0
WUNst3Dvj,Futureproof Copywriting,Nick Usborne,200.0
RzhsW8nDs,Black Friday Copywriting Pro,analyticaa.com,190.0
9JsGgpdtO,Search Ads Headline Generator,adgpts.com,190.0
hxUYaBvx8,Affiliate Program Finder,thedailypanel.com,190.0
0dcPPWbiY,Memorized,joao alberto o lima,190.0
5zOz6qbux,Better Resume,navidbehrangi.com,190.0
SsB4aTVgM,Prompt Optimizer,aisavvy.today,190.0
dlkWTk2kk,Crypto GPT,selerite.com,190.0
5SxuepWWG,SillyTavern | Chat Persona Pro,sramelyk.org,190.0
035wmFDGb,WordPress Wizard,thewebsiteengineer.com,190.0
ATOVBEOSz,WebPilot GPT,GPT Builders,190.0
q08qLz1Eh,AI Answer Generator,studyx.ai,180.0
vqIVCfWf3,ãƒ™ã‚¹ãƒˆGPTsã‚µãƒ¼ãƒãƒ£ãƒ¼,,180.0
m3Bswbdgs,Business Ideas,Shrikar Archak,180.0
K2I5vmdVk,Homework Solver,studyx.ai,180.0
2vNXETv9C,Math to LaTeX,Lewis,180.0
K0PNF0Fb3,Dungeons & Dragons,Nicholas LaRue,180.0
FJXCOCAri,ChefBot GPT,Michal Kaszubski,180.0
GP9M4UScu,Blue Team Guide,blueteamguides.com,180.0
x2ms3pMDv,GPT Ideas,aistartupkit.com,180.0
H5cag73qj,å‘¨æŠ¥ç”Ÿæˆå™¨,,180.0
QD74k3uGx,AIè«–æ–‡è§£èª¬ã¡ã‚ƒã‚“,,180.0
40KJLGAgH,Architecture AI,YIMBYLAND,180.0
mqRQyzEbN,Kube Mentor,kubesimplify.com,180.0
YHZnYJWRk,Digital Project Manager Co-Pilot,Chris Grant,180.0
z7hEagts5,G Resume Reviewer,danzss.com,170.0
L3qlOIOWv,Mockup Maker,Josh Brent N. Villocido,170.0
1i7Bjryc5,Business Idea Sanity Checker,farez.me,170.0
b5xXrkZfB,Awesome PHP,ai-review.xyz,170.0
Bqrx4gDgK,WordPress Wizard,stefanzihlmann.com,170.0
TCCPlAbtX,AIArt.BOT by IHeartDomains,iheartdomains.io,170.0
NMtJ1TK5K,Money Generator,Josh Brent N. Villocido,170.0
ueMUdZAzr,Chainstack GPT,davideai.dev,170.0
urQamZ1mk,DIY Home Improver - HandyHelp SuperPro v1,collaborativedynamics.net,170.0
1Ofm79uOS,Jordan Peterson,contrabandinteractive.com,170.0
2bczJcORT,Factiverse,factiverse.ai,170.0
JappyGLeO,DocDash,,170.0
eJotMzlO0,Gojo Satoru,weixiang wang,170.0
48KnCx2hR,Open Source Alternative,interestingsoup.com,170.0
4k5GD7QLN,Correcteur d'orthographe et de grammaire,digitiz.fr,170.0
DJqVTHjyt,Playlist AI,Josh Brent N. Villocido,170.0
nUKDeW1Vc,Peritus Anatomicus - An Expert Anatomist.,,170.0
od2UwDNcm,RandomGirl,,170.0
tE0Y6v7id,Pinoy Econ Guide,Jan Carlo Punongbayan,170.0
RvDYgFE8w,Tony,Per Solander,160.0
9Ty4A5nx7,Image Wizard,Noah Muller,160.0
m1cy0xVjB,BRRR Analyst,FRANK L LOCASCIO,160.0
22sH2Jyvp,CineMate,Pedro H G Mattos,160.0
9BQnnWENJ,è£œåŠ©é‡‘ã‚µãƒãƒ¼ã‚¿ãƒ¼,leon-strategy.com,160.0
uXS5g9kR6,ChatGPTã¨å­¦ã¶Pythonå…¥é–€,noumi0k.com,160.0
OEOmALWU3,Automated Website UX Optimizer,octaneai.com,160.0
Ueqg2wLbt,MJ æç¤ºè¯ä¸“å®¶,huweidong,160.0
WkyLtWy0G,DALL-E prompts generator,digitiz.fr,160.0
pbTNWGwNu,Creative Twitter Search Guide,Shai Unterslak,160.0
x1h646h9S,Immaculate Playlist Generator,modest.com,160.0
D8ojucjoB,AIT-StrategiX,Konstantin Vassilev,160.0
E7lzUrF1W,Animal Selfie Transformer,whats.es,160.0
HIObFkU4D,âœ¨ PixelGenius,Brandon Lee,160.0
IurQ3qc9F,CryptoGPT,Stuart Kaufman,160.0
qbW4XNs80,Cybercrime Tracker,Steve Andre,160.0
rlxtQxHxC,Itinerary Planner - Globetrotter Guide,Leslie Prints,160.0
gQjLMtJbz,Powerpoint Helper,Kwan Lun Julian Kwok,150.0
NOeokxAxS,ã«ã‚ƒã‚“ã“ GPT,SATOSHI SHIBASAKI,150.0
ekhF7IKmD,Uncensored,super.gives,150.0
wc6rx2PRi,YT Shorts Expert,S. J,150.0
nWDDJa2FG,profsteGPT,Stefano Bargiacchi,150.0
3SIdOvkZx,Writer,Josh Brent N. Villocido,150.0
aiqddk0ux,Go Guru,gpts.scale.run,150.0
3rS5UYpn1,Logo Ai,Yudiz Solutions Ltd,150.0
anlyl1Wig,Learn Bubble.io,learnbubbleio.com,150.0
jaiZcNIme,Shell Expert Pro,Mihail Constantin Leoca,150.0
R4dNsj0fm,Smart Contract Audit Assistant by Keybox.AI,Yu Fu,150.0
T38EPOinI,Hustle GPT,godofprompt.ai,150.0
VcwrGURD6,Voice to Text,studyx.ai,150.0
Zy9v2P5UM,Study Buddy,Brooke Dixon,150.0
nfMDz2N6N,Caption Generator by Adsby,adsby.co,150.0
o8lkkwc8Z,Waste Wizard,chatgptlogin.help,150.0
j592fa8vi,çº¢ç‰›è‚¡å¸‚æ™ºå‹AI,billykiakao,150.0
J5AU7p5hM,Pine Assist,Oren J Ferrari,150.0
65x53n87E,Radio Imaging & MusicGen Ai,bilsimaging.com,150.0
Soz2AoaTT,YT Scriptwriter - Vidsmith v1,collaborativedynamics.net,150.0
lVWqtb1gw,Tech Stock Analyst,Matt J Wolodarsky,150.0
ou8mavYA6,Brain Feeder,Mahesh Ramakrishnan,150.0
teFAqFyxD,PROMPT GOD,Leighton McDonald,150.0
TqoZudEWd,CTO-GPT,Javier Calderon,140.0
Eb6UGkliO,OgilvyGPT,ROAS PPC ,140.0
dbvsDM0af,ãƒãƒ¼ãƒ¢ã‚¹å‹¤æ€ ã€€ãŠå•ã„åˆã‚ã›BOT,,140.0
t64RQrhWe,CodeGPT,Sami Salem,140.0
AatbHfOOW,ãƒŠãƒ¬ã‚³ãƒ ãã‚“ v0.1,TAKAYA NAKANISHI,140.0
QtBQ2p8GG,Our Marketing Guy by @uper_max,max up,140.0
p0EHHLHLi,Dr. Andrew Huberman GPT,Alex Brands,140.0
4uZCUkq9U,Anime Art Creator,aimoneygen.com,140.0
x5nOvW9C3,ã‚¢ã‚¤ã‚­ãƒ£ãƒƒãƒã‚¸ã‚§ãƒãƒ¬ãƒ¼ã‚¿ãƒ¼ 1.8,MOTOKI YOSHIHASHI,140.0
RoREYAB0U,æˆ¦é—˜çš„è«–ç ´|combative arg.,,140.0
ljN3mJxPa,SAMantha,William N DOom,140.0
yGdxivD2B,Job Assistant GPT,Borna Barahimi,140.0
PLpKntcCz,MathGPT,Fei Hou,140.0
fgfUNNL5K,Wikipedia GPT,Timothy L Constantine,140.0
oT30Vi4pG,Bermuda,Josh Brent N. Villocido,140.0
GwjeKmwlT,Multiple Persona AI Assistant,Shane Kretzmann,140.0
ZYj5zBL1r,ç®—å‘½,,140.0
cBJI3tl5m,Chega - ChatPolitico.pt,GonÃ§alo Canhoto,140.0
cGEZ1Q4DP,Purpose Genie,openexo.com,140.0
rH3NkNWaH,Note Summarizer,studyx.ai,140.0
lTmDAGAw1,Digital Models,designerbots.de,130.0
mY0OUrZah,Physics Tutor,Roys,130.0
0jpvqh5fm,CatGPT,Jackson Laskey,130.0
SbWE9rTG2,Hashtag Generator by Adsby,adsby.co,130.0
zCvpA2Q8k,Fit Buddy,manu.vision,130.0
q201IJB7L,WP Code Wizard,S. J,130.0
FmpWpbNpd,Free Grammar Checker,gptfinder.co,130.0
UDWa5ZTPT,URL2Blog,trycontentgenie.com,130.0
OoQy93pPF,Logo Maker,Heikkinen Sonja,130.0
S9K0B0Q1d,ê³ ì„¸êµ¬ GPT,,130.0
TQMPosdWV,image to text,studyx.ai,130.0
gQsczUjhC,Christmas Card Maker ğŸ„âœ¨,sprintrade.com,130.0
klIdvBlbR,CSS Wizard,K SaI Jyothir Aditya,130.0
m2Oiq4Cvu,Q-star GPT,Ali Reza Sheikh,130.0
q3SfBZl0B,Notion,hecker.vc,130.0
zMqqfbGF7,Vision Weaver for AnimateDiff,Tyler M Bernabe,130.0
AGN1OU4SM,Dating Profile GPT,tinderprofile.ai,130.0
z8x3IqhMp,The Web Mage,Nicholas Gmitter,130.0
1mwgltAoG,Legal Eagle,inacionale.com,130.0
6DFICui30,OpenAPI Schema Builder,Hustle Playground,130.0
E7O8R0GJv,Open  AI API Documentation Assistant,Eric Rachlin,130.0
MYSzNumup,Cover Letter GPT,ATHARV SUNIL TATHE,130.0
PQN89Owiz,MindFit Mentor,Ross Nelson,130.0
bGzuVeAu9,Reels GPT by Kossolapov,Igor Kossolapov,130.0
gh7PDdmmd,PC Builder GPT,Radin Najafi,130.0
ioAZiZNmT,General SEO GPT,muradigital.com,130.0
izA6hnC93,Algorand-GPT,MOHAMMAD GHIASI,130.0
kZRzNTnf8,í•œê¸€ ë§ì¶¤ë²• ê²€ì‚¬ê¸° | Korean Input Checker,HEUIKYOO MOON,130.0
quXzq09ju,å¾®ä¿¡å°ç¨‹åºå¼€å‘åŠ©æ‰‹,gpts.laobiao.us,130.0
vFcok1WYv,Buyer Persona Generator,StewArt Media,130.0
x0K8M4uu6,Homework Helper,bytebrain.org,130.0
qIPGfrlsU,Blockchain GPT by Rohas Nagpal,,120.0
69AuJhsig,Scruffy's Car Repair Advice,zachnagengast.com,120.0
yPbUhvogg,42,ratcgpts.com,120.0
hybdYMj2B,CellGpt,YIXUAN XIE,120.0
11CWHH1z5,China ä¸­å›½æ±‰è¯­,billykiakao,120.0
RIvUD7uxD,Agent Agreement Legal Expert,legalnowai.com,120.0
4h7yzlKdb,Math Mentor for ECG,ideamatch,120.0
LsuxNbRw5,Wizlogo Logo Maker,wizlogo.com,120.0
fKYMc2NU0,GoogleAnalytics Guru,softifai.com,120.0
EOzBGocqF,Pitch Perfect,David Wiens,120.0
XnKu5lq3I,TRPGã‚·ãƒŠãƒªã‚ªã‚µãƒãƒ¼ãƒˆ,,120.0
nIBvsnLa0,Undetectable AI,gptinf.com,120.0
G9INzOvnq,Psychoanalyst,Marvin Lebsack,120.0
fJv3yUSmj,ideasGPT,ideas-gpt.com,120.0
gmjYzy6SC,Cyber Sentinel,MAGDY ElFARAMAWY,120.0
hL8Y9gcuW,Manifest Your Dream Life,S Welker-Jurgens,120.0
tcZDT3R6n,Scrum Master Assistant,DIMOSTHENIS PAPADOPOULOS,120.0
hGz0ZBDHf,Ai Art,Enmanuel De Leon,110.0
ldMROHWp6,GPT Paraphrasing Tool,eduwriter.ai,110.0
h7JkbylOq,Universal Video Downloader,zezhou lin,110.0
mXktFhfXi,ç”µå•†ç›´æ’­é—´è¯æœ¯å¤§å¸ˆ,xiaoyugpts.top,110.0
muQhztYsd,Flight Finder,Furkan KalaycÄ±oÄŸlu,110.0
wX2IB7OuW,Market Maven,PRODUSER,110.0
x3LsDB3uR,Style & Tone Tailor,seabiscuit.ai,110.0
ZPn85vj30,Learning designer GPT,Anandavadivelan Vijayaragavan,110.0
nYrngOH1T,Article Rewriter,junia.ai,110.0
tTpbHSIQ0,Data Vizard,steventhemaker.com,110.0
3D497JVJg,Grok Genius,ratcgpts.com,110.0
Emy7pH8oc,Overpass API Query Generator for OpenStreetMap,STEVEN ATTEWELL,110.0
PuOOFVQ3p,Logo Maker Online - Free AI Logo Generator,benjamin ogden,110.0
ZOL2lvhpw,TLDR,Daniel Goodman,110.0
9F3FypkC7,Excel Formula AI Generator & Data Analyst,aiautomationschool.com,110.0
GZiEfGdvj,Find Any GPT In The World,popularaitools.ai,110.0
TUrUbFey9,Cover Letter GPT,Pouget,110.0
WncPYvTpo,Swift Copilot,STRICS IT GmbH,110.0
ogi6JfWIH,Stats Master,WebbX,110.0
0iqP3gBEv,Next Level Email Verifier,leadshouzz.com,110.0
NOQmE1lDK,Artisan Sketch,MIURA KEITO,110.0
f8MbroLOR,ã‚¤ãƒ©ã‚¹ãƒˆãƒ¡ãƒ¼ã‚«ãƒ¼,,110.0
qcRo4e75S,Wordsmith,Josh Brent N. Villocido,110.0
wXjfmdrJZ,PythonicMind,Yannick Oswald,110.0
Sw1S0G0kM,chat ai gpt,NAIF J ALOTAIBI,100.0
OJhhoweZC,Suno æ—¥æœ¬èªä½œè©ãƒ¡ãƒ¼ã‚«ãƒ¼,ai-ka24.com,100.0
nALZQhmod,Rizz Advisor,TAKASE HIGASIUEZATO,100.0
s0HcrnOpN,Bypass AI,gptinf.com,100.0
B2tKpr5SN,HyperLearn GPT,Abhilash Inumella,100.0
FI22YAZb1,Bias Checker,AISOMA AG,100.0
Na7DQWiKt,DSGPT,Michael Ajah,100.0
XZojtv0u3,OjisanGPT,,100.0
Jv2FCxFyH,Growth Hacker,Jeffie Abshire,100.0
e7klUPLGp,Colorful Creations,,100.0
FxEZ7G0XX,SRS Expert,Winlin Yang,100.0
fMrAFFzDU,è¦ç´„ãã‚“,RYO MORITA,100.0
2l8tmUg0D,Ai Text Generator for Creative Writing,Ratan Kumar Sarkar,100.0
QxI6DyJMS,TaxGPT,Joshua P Norris,100.0
csCTyILmx,Outfit Generator,Andreas Winschu,100.0
eYqpxIV2M,ã‚µãƒ¼ãƒ“ã‚¹åã‚’è€ƒãˆã‚‹ãã‚“,å¹³ç”° æ™ºåŸºï¼ˆ@t_10_aï¼‰,100.0
hBZOxeLH6,AI Insight Hub,panzijie,100.0
A3xlOYijx,Corporate Insight Expert,Sandro Gvelesiani,100.0
G0G9XPf5N,Godot Guru,Jeremy schroeder,100.0
HkhMd26Fn,QuickSilver AI - Natural Language R.A.G DocuMaster,russelldeming.com,100.0
jv5EE1AUl,å¾—åˆ°é©¬è‰¯,,100.0
mZV5yksrt,ESP32 IoT GPT,KÃ¼rÅŸad ALTAN,100.0
riBzTSr3r,Not Hotdog,BRYAN C WADE,100.0
wvj7QLyb2,Sen's Discord Bot Helper,Senko,100.0
xO3NqPVBQ,Ai Workout Generator,Justin Fassio,100.0
Fls9v4nw4,"!""VoxBox""!",,99.0
mebhzkmTw,The MAANG Interview GPT,Jose Herrera,99.0
FmVxPJH0E,URL Shortner ğŸ”—,Nextgrid Sp. z o.o.,99.0
p4L4KuEdO,Romance,Josh Brent N. Villocido,98.0
eQHnyWi4U,Chem Coach,sanjeev nair,98.0
v67OPG4S8,Partido Socialista - ChatPolitico.pt,GonÃ§alo Canhoto,98.0
BpSexw4ll,AbletonGPT,Radin Najafi,98.0
bPBXqy0UZ,Vipassana Guide,Rahul Bansal,97.0
DIseFMJiO,Business Analysis Copilot,Ian Gotts (Elements.cloud),97.0
8sSRMRVPZ,AI Albert,fourthmind.ai,96.0
UdiZpTpXB,Press Release Wizard,startupfinancesimulator.com,96.0
q27O8IrG1,Black Friday 2023,Neverstill Media,95.0
8E8kKnYtu,Find My Aesthetic,b12.io,95.0
mtKjN6oHv,Transcription audio en texte,digitiz.fr,93.0
ieXq5ye6e,ãƒ—ãƒ­ãƒ³ãƒ—ãƒˆã‚¬ãƒãƒ£,,92.0
daOpCTnlW,GAIN | Real-Time Generative AI News Tracker ğŸ¤–,voicebot.ai,92.0
g0YzbzvjY,Opportunity Cost Calculator,theaieducator.io,91.0
hHqUSG4OC,DnD Game Master,,91.0
gap1QB4Uk,Sinterklaasgedichten Generator,R. H. Raats,90.0
h3Ly2bGSI,Manga Creator,Naoto Ota,90.0
9uwOyKoSJ,Prompt Injection Detector,CARLOS CARDENAL LOPEZ,90.0
HbNOtxxOA,Podcast Artwork,musicradiocreative.com,89.0
pxULh2Ai5,noteAI ï¼ˆãƒ™ãƒ¼ã‚¿ï¼‰,note.com,89.0
u1OtX16nQ,ãŠã¯ãªã—å¤©ä½¿ã¡ã‚ƒã‚“,orangepie.net,89.0
5lCF5Lf1T,ç¿»è­¯æˆä¸­æ–‡,é«˜ç¶­å¿—,88.0
xy6rGAQmP,Code Crafter,,88.0
fOYZ9JY9A,Facture Ã©lectronique France,CABINET FABRICE HEUVRARD,87.0
S7V7KZk5W,è«–ç ´ãƒãƒ³,YUKI YAMAMOTO,87.0
c5aPO3TTU,Helpful Content Checker,seonotebook.com,86.0
TCZLIYhNm,1 Quote a Day ğŸŒŸ,breebs.com,86.0
FjTpi9TTQ,Resume Wizard,,86.0
X7lB1U6qS,Air Fryer Chef,Naveen C S,86.0
s7Oi3NASl,Essay Content Improver,studyx.ai,86.0
sQRNqxNFX,Code Interpreter,Advait Paliwal,86.0
vlQLm5DwP,Citation Generator,huang yuan,85.0
rZ2w3hTcJ,Humanize AI text,gptinf.com,85.0
VbJvVjilC,Audiophile Assistant,Radin Najafi,85.0
CS0BEb5pJ,GPT-Seller,christopher briest,85.0
yhG7QgVET,Tweet Analyzer,Wayne Marsh,85.0
e7a7LBzlq,Co-founder Fit,,84.0
xm3sxO7Ej,Brain Analyser,Sarah Hamburg,84.0
Cbdc0TgBH,UX/Product GPT,mallenkb.com,84.0
IFd8QMnNA,Research Radar: Tracking STEM sciences,Ryan Watkins,84.0
xKN17NsB8,PM DocuMentor,Sam van der Jagt,83.0
EQxO1H75w,Complete Apex Test Class Assistant,FUTURECLOUD TECHNOLOGY SOLUTIONS (OPC) PRIVATE LIMITED,83.0
DApraRc3l,ç½—æŒ¯å®‡,christmas.gpt-store.io,82.0
ogXlCik0m,SUDOKU,OLEKSANDR FISUN,81.0
9NLD1n1fR,List GPT,Christopher Brown,81.0
numLgojPu,HTMX,Chad R Brewbaker,81.0
WbuiRPIsb,File Converter GPT,godofprompt.ai,80.0
y22c5jAFC,Copilot Pro,,80.0
zpcqSLY5Q,ê¸°ìŠµìˆ­ë°° GPT,S. J,79.0
9p4s4Cx6W,Fast.ai Tutor,,78.0
syyQqTgUG,CV Bulder,Artem Volobuev,78.0
u8VoT4pcX,GPT Teacher (For Work and Business),Scorchsoft Ltd,78.0
iYQBtSJLw,"Personality, Dark Triad and Bias Analyst",megan freeman,78.0
WtOfEm85C,LeanAnalyticsGPT,Diego Iglesias,77.0
0GuxcjOo9,15åˆ†é˜å¯«å‡ºçˆ†ç´…åƒå­—æ–‡ï½œæ›¸æ‘˜å°å¹«æ‰‹,èŠ±èŠ¸æ›¦,77.0
LUucWXKGE,FM 24 Assistant,aimen ismail chenomi,76.0
xrJpRew3T,Market Insight GPT,,76.0
vENLmzsQu,Music Video Generator,Michael Pedersen,75.0
F89qzU6if,ä¸€äººTRPGä½“é¨“ãƒ†ã‚¹ãƒˆ,dav,75.0
hsJ6OivuQ,Ableton 11 Assistant,onworldsolutions.com,75.0
K8ciXgR8w,Oracle of Omaha,mckenna.cloud,74.0
mIqDLU5Dz,Signature Generator,codesuppliers.com,74.0
Ff3Cds9uh,ç±³å¨…å§å§,miya.doocor.com,73.0
NHeYHA2ik,GPT Vision Builder,tipjar.nexeos.shop,72.0
l0Uygd784,BD Ã  colorier pour enfants avec bulles vides,MENDES FRANCE,72.0
vCZgt8Rb9,VC Deal or No Deal | Maestrix AI,Guillaume Dumortier,72.0
sMOvg4S90,Chinese Grammar Wiki Tutor,John Pasden,72.0
r3KfmTQgx,REI Mentor | Your Real Estate Investing Guide ğŸ¦,Viacheslav Davidenko,71.0
pWKtpUtec,BassBot,creatia.ai,71.0
5BVMG2MqQ,æ­ç§¯æœ¨,,70.0
VbMY5EfGL,Learn AI in Fun Way,M MUTHUGADHALLI BASAV,70.0
ni5Bx4XN5,True Brexit Geezer,Sergio Rivera,70.0
z5KV0bXBP,MartinsGPT - How could AI impact your job?,organizational.ai,68.0
49ftO4ZTC,AITOOL Business,LY TUONG PHUONG,68.0
EqYAtEiJ5,Ğ¡Ñ†ĞµĞ½Ğ°Ñ€Ğ¸ÑÑ‚,Alex Che,68.0
nYaybHuai,ç§‘æŠ€è®ºæ–‡ç¿»è¯‘åŠ©æ‰‹,Lee Si,68.0
o2PXItdme,Photoshop,PI DINGHAI,67.0
Um3OKq1zk,Grok Chatbot,aibuddha.sense-ocean.com,67.0
oBnWP4Jwb,Money Buddy,VICENS PANEQUE FERNANDEZ,67.0
P4s0EtG5y,QR Code Maker,Adrian Somor,66.0
gtV76JzWV,Privacy Guardian AI,Pravesh Jain,65.0
YdQ1600ar,Mr FinanceGPT,Marcus  Peterson,65.0
f5sCAcoRk,Bingo,Benjasmin,65.0
AC4ajSgAU,Partido Social Democrata - ChatPolitico.pt,GonÃ§alo Canhoto,64.0
M9wXtpPJx,AI Project Navigator,JOHN L COLLINS,63.0
neMm1Rp5i,Stock Analysis GPT,sparkhit.xyz,63.0
eKR50ucVX,Web Creator Guide,,62.0
me1tPbsgb,LawGPT,Law GPT INC.,62.0
hy4TQzLY3,Blog Post Title Generator,Conner Burton,62.0
a6taiQMIF,Integral Calculator,studyx.ai,61.0
k0PTOme1H,Secure Code Assistant,M MUTHUGADHALLI BASAV,61.0
1S2PnH52a,SuperHero Me | Create a SuperHero Alter Ego,voicebot.ai,61.0
eRkBkMF6J,Bubble Buddy,M Shankar Prasad,61.0
ZOHbUia6Q,BTC Insighter,HE QI,61.0
nTr4EZzPx,kAI: Memorable Word Learning,Cavalet,61.0
xXmKOvykS,Alexhormozis Offer GPT,Nicola chisu,61.0
plWk4S53O,The Primal Diet by Aajonus Vonderplanitz,healthfully.ai,60.0
fiaAYsPO0,Visit ğŸ‘‰ www.RoastMy.Marketing,tryarcane.com,60.0
DKne07mTu,anky,Jorge Franetovic Yob,60.0
qJRDXZfqO,ĞšÑƒÑ€ÑĞ¾Ğ²Ğ°Ñ Ñ GPT,Godfrey Reinger,59.0
bUs56iO8Q,Budgeting & AdMetrics Analyser (By Likhith Reddy),TRIPLEDART DIGITAL PRIVATE LIMITED,59.0
PiZwGeFhp,Learn Leap,manarat.io,59.0
sf7tfcHAU,Secret Revealer,WBS Training AG (DCE),58.0
ncdnwbQkb,Personal AI Tool Search Agent !,Aurangzeb Bhatti,58.0
kaPzIOeOG,Solidity Developer,,58.0
NPBNZlAiw,BashEmulator GPT,aevummachinae.com,58.0
ocwSDCwEG,Dr. Extension,robinrajput.com,57.0
KsnQa2ux5,YAML Helper,Sharon,57.0
r2HjFILCC,Steam Review Summarizer,John S,57.0
xaaEn9HtD,Scribbler,Philip Lan,57.0
IEWrpfu32,SaaS Landing Page Roaster,Alberto Di Risio,56.0
QUKJkzs1F,Map Dev,designerbots.de,56.0
IcAkYZIJw,On Page SEO,seovendor.co,54.0
nw9886II1,GPT Creation Wizard,T D SMITH,54.0
1Y8L9Uehc,Free AI Script Writer and Generator,Dhanvin Sriram,53.0
kk682AF8o,D&D Character Builder,Jeremy Zaborowski,53.0
Bb6tQ159y,Homework Tutor,awesomegpts.ai,53.0
vtFamnYPc,Prime Minister Viktor Orban,,53.0
7sjG6EfMd,Promptç”Ÿæˆå™¨ï¼ˆä¸­æ–‡ç‰ˆï¼‰,,52.0
OcrqzeFe8,Wealth Wings,Devinson Pena,52.0
jz0sNNWR4,ã‚¢ã‚¤ãƒ‡ã‚¢ãƒ¡ãƒ¼ã‚«ãƒ¼,,52.0
wp7LYiOjI,Free AI Story Generator,Dhanvin Sriram,51.0
SVV3sT9Wo,ChatDoc,promptboom.com,51.0
mCIauGrwC,Best GPT Builder,Woody Saulwick,51.0
XMqYiFW0c,Bootstrap 5 & React Crafter Copilot,ai.sandyl.tech,51.0
fFcXyzu51,çƒ¹é¥ªå¤§å¸ˆ,Jay Liu,51.0
GCZwzN7Bk,Onchain Agent,,50.0
MvKy6UkdQ,MerchMate | Make your own merchğŸ¨,,50.0
q3wb6agQ1,!Le Reformulateur,lionel nemeth,50.0
1eOr7Xqzj,Web3GPT,,50.0
so28XbmYV,AutoExpert (TV/Movies),llmimagineers.com,50.0
nf5dC672K,Academic Hook Test,Shiva Kakkar,50.0
zcb3Cv7Xt,Ask Jesus,Amy Suto,49.0
dcJcI2Hpo,Citation Generator,studyx.ai,49.0
LSDeBzxmR,AI åšä¸» Vito,myaiforce.com,49.0
S7pJsTbmX,Video Summary Assistant,HalloKim,49.0
jWYFHdeFZ,PG Bot,Rami Alhamad,49.0
uEEPgsBOv,tldraw make it real,skale.io,49.0
wgJMWKWGK,Website Copycat,b12.io,49.0
BWnWnRUle,Simplifying SEO,Jemma Fong,47.0
C3QYxz4iA,Word Weaver,Xianglai Kong,47.0
CCOjoWuNl,CatGPT,sokyoulab.com,47.0
yDcGDYd3A,Anime AI,Josh Brent N. Villocido,46.0
ehNV1LH9U,Vue3 GPT,9.tapgpts.com,46.0
ZRsAGKNfO,{é‹†æ—­ç§‘æŠ€}è‹±æ–‡å–®å­—å°è€å¸«,Gen Chen,45.0
pv7pyRYsy,Deep Dive: History of Western Philosophy,Josh Brent N. Villocido,45.0
JdlcN3xRk,SAP Logistic Super Hero,OrlandoMonteiro,45.0
1jsveTisL,Finance Insight AI,ABOU AL TOUT,45.0
SRTrtJS5p,Icon Generator,Timo Schneider,45.0
Fifk9D8i3,Free AI TikTok Caption Generator,Dhanvin Sriram,45.0
iatYbBRVv,å››æŸ±å…«å­—å‰å‡¶æµ‹ç®—,uc,44.0
aZszIlz7N,Facebook Ads Campaign Builder,aimoneygen.com,44.0
LcsOTilVY,Idea Forge,,44.0
9sIYoD8CV,ğŸ˜Šçµµæ–‡å­—ãƒ‡ã‚³ãƒ¬ãƒ¼ã‚¿ãƒ¼ğŸ’• Emoji DecoratorğŸ¤–,HIROSHI HASHIMOTO,43.0
w6DCm3cK0,ãŠæ¯ã•ã‚“ãƒ’ã‚¹æ§‹æ–‡ãƒ¡ãƒ¼ã‚«ãƒ¼,,43.0
Fi8ivB138,ConceptAI | Stable Diffusion Prompt,aimoneygen.com,43.0
l2VGUqNad,ãƒ‰ãƒƒãƒˆçµµã‚¯ãƒªã‚¨ã‚¤ã‚¿ãƒ¼,YUKI ITO,42.0
HWN30NMdN,æ·˜å®å®¢æœ,chatgptcase.com,42.0
ZBlrg6bE0,WordPress Plugin Creator,broomerrmedia.com,42.0
DHCK1RO1t,Character GPT,MIGUEL DE LA TORRE GARZAS,40.0
K2dyoO4Jd,AdWords Kickstarter,intelliminds.ai,40.0
9o8P1pA8V,Pitch Perfect AI,Teddy Ginorio,40.0
L4hD3qJRB,GPT Product Page Conversion Tool,Louis Smith,40.0
O9GOjQhRC,ç–¯ç‹‚æ˜ŸæœŸå››,wa gaga,40.0
mX54mtM4W,Research Title Generator,studyx.ai,39.0
0TPXYkSiH,NFTGod,,38.0
Dr5b43UUk,[AUDIO] Chinese Pronunciation Tutor,Nathan McCord,38.0
raZa0I7n0,ADHD Priority Buddy,FRANCK MOURE,38.0
Nf7DYXcrE,æ—¥æœ¬æ ªã‚·ã‚¹ãƒ†ãƒ ãƒˆãƒ¬ãƒ¼ãƒ‰å¸«åŒ ,TAKASHI OHUCHI,37.0
uBX5neKY9,Semantic HTML Converter,Khokumdar Akhmedov,37.0
wStfxiIoy,Font Builder,designerbots.de,37.0
CN7424Z32,Consultant rÃ©fÃ©rencement naturel - SEO Consultant,brunobertolin.be,37.0
EKc60cUzs,SEC Analyst,Kai Boon Ee,37.0
ZV7MYokq6,More Money Than God â€” Financial Insights,Digital Strategies Guild,36.0
yg5WelQdV,AI Website Builder,ai.mobirise.com,35.0
xA0LDZhZc,Linked In Skill Explainer,nerority.com,35.0
4gIoEoZV2,Gift Genius,designerbots.de,34.0
lx2kwwytf,Legend of Berghain,chernikov.xyz,34.0
o9vrJ3gKV,ã‚¹ã‚¿ãƒ¼ãƒˆã‚¢ãƒƒãƒ—ã®ãŸã‚ã®å•†æ¨™ã®æ•™ç§‘æ›¸,,33.0
sDti9TUXN,Telegram Bot API,Bahodir Rajabov,33.0
aAzjrYnrT,Random Word Generator,KURASHIGE HIROAKI,33.0
YY0LlPneH,11:11 Eternal Wisdom Portal 11:11,Acerting Art,33.0
j5xjYAsAp,Song Finder,,32.0
0PrWwn5kb,Mobile App Idea Generator,Josh Brent N. Villocido,32.0
D48Iu2zY3,Eyeware Beam Extension Copilot,eyeware.tech,32.0
mCyUEiYeo,24å°æ—¶é¢„è¨€å¤§å¸ˆ,WU XINFENG,32.0
qfld87E35,Founder's Guide,Sandeep Bhatia,32.0
hNk9F0Ukt,Socrative Mind,Jeffrey Chung C K,32.0
ocKDdmf8s,Pokemon Infinite Fusion Calculator,Thomas Demers,31.0
CLP2DodWv,Speaker Design Guru,Jack Dixon,31.0
DkkZ6tHyW,WuXing,Burkina Ronald,31.0
UGu5Y29B8,Joke Master,Bin am,31.0
jQm8Pqlgm,AI Exploit: Alan Turingate,Alex Savage,31.0
yGyqopTzT,"Pathways: Your Story, Your Choice",designerbots.de,30.0
Ayrz0QdBE,Math Solver CoT,HÃ¥kan Kjellerstrand,30.0
VBKOW5ne0,GB Studio Guru,,29.0
ULKThwTOa,GPTs Hunter,gptshunter.com,29.0
aRqmey9pd,Pocket Psychotherapist,designerbots.de,29.0
yegSrs7c3,AI Essay Writing Service | Write my Essay For Me,cheapwritingservice.co,29.0
K8IfLOeRD,TAM/SAM/SOM Calculator,whomstve.com,29.0
W5GWTuysw,Discord.js Pro,BU,29.0
e0GsFHzDv,Asistente de EspaÃ±ol,IvÃ¡n JonatÃ¡n,28.0
YNNJq5SxA,BE MEDIA CREATOR,CLAUDIO SOARES,28.0
0LN4msbxf,PDE Calculator,studyx.ai,28.0
9NCOOV8Ft,ãƒ—ãƒ­ãƒ³ãƒ—ãƒˆä½œæˆã‚¢ã‚·ã‚¹ã‚¿ãƒ³ãƒˆ,,28.0
4UWODpApy,Abstract Generator,studyx.ai,28.0
4RVGNPRPs,Flick Fetcher,Jesus Olivas,27.0
25uJtXZva,Interview Coach,Lazar Jovanovic,27.0
URo4mlgCX,"å°ç£å¤œå¸‚ç¾é£Ÿ,å°ˆæ¥­ç¾é£Ÿè©•è«–ä¸­æ–‡ç‰ˆ",èŠæ­£æ—º,27.0
uvR9nQAp1,Marketing Strategizer,startup networks sapi de cv,26.0
E9MSN90RL,Sex Education,designerbots.de,26.0
U5BQVDOwL,ã‚¢ã‚¤ã‚³ãƒ³ã‚¸ã‚§ãƒãƒ¬ãƒ¼ã‚¿ãƒ¼,Naoki Kusumot,26.0
6wZNANnpu,Python Pal,,26.0
ZjTbBRqVM,GPT Course Creator,Francis Gorman,26.0
gQwCaCxcB,ComfyUI Expert,imzl.com,26.0
FAhVqux2F,Indie Game Developer,Josh Brent N. Villocido,25.0
fRYruOXP0,GPA Calculator,studyx.ai,25.0
Lu9E8fAXF,ä½•ã§ã‚‚å¤‰æ›å›,YUTO OSUKA ATPC JAPAN,25.0
idCV5D6M6,Daily Calorie Calculator,Andrey Belyaev,25.0
upR3iPayJ,CADABRA - Magical Brand Namer,WeSeGo,25.0
Z79AzxWgV,Rap God,designerbots.de,24.0
P1iifwWkO,Lego Wizzard,Manuel LÃ³pez,24.0
b9k5kXpzL,AI Homework Helper,zezhou lin,23.0
JAEDJ5PNQ,AWS Cost Optimizer,whysurfswim.com,23.0
PgyDim5Gb,Emoticon Creativity Master,gpt.dev-smart.org,23.0
oR9aSRw38,Quran Guide,designerbots.de,23.0
XP82KSH3N,å„ªç§€ãªå¥³æ€§ãƒ—ãƒ­ã‚°ãƒ©ãƒãƒ¼ã€ä¸€ä¹‹ç€¬ã‚Šã‚“ã€‘,SHOICHI MATSUMOTO,23.0
6RecbMLaK,Stand-up ComedyğŸ¤·â€â™‚ï¸ğŸŒŸ,jenni laut,22.0
2F1LvCmom,Dedicated Art Director,Josh Brent N. Villocido,21.0
7NfscOXcn,SEO Audit Tool,TJ Loftus,21.0
7t4P6GUlK,InDesign Script Assistant,S J Ballantyne,21.0
VhlaUzVCD,Merlin GPT,Joseph Molla,21.0
pRUdHgILz,MP3 Converter,digitiz.fr,21.0
7kZi0IGDH,ì˜¤ëŠ˜ ë­ ë¨¹ì§€?,ì†ì°½í•œ,21.0
9FpuTH51N,Idea Spark GPT,Josh Brent N. Villocido,21.0
Klr52AQ4M,Sell Generative AI ArtÂ GPT,ascendance.dev,21.0
VmTl5NQTJ,Project Management AI Assisted,aiassistedhub.net,21.0
plKoK5LZ7,Arabic Scribe,Ines Bouteldj,21.0
H0Dm9oVCh,Salesforce Org AI Copilot,Ian Gotts (Elements.cloud),20.0
7S9SQFQAX,AdMaker,Miguel Monteiro,20.0
XFK7pjhaW,AI Furniture Designer,Xiao Zhang,20.0
da1mBRKbW,YT Comments,checkfu.com,19.0
EYmLaRKZ8,Inkspire Artist,designerbots.de,19.0
D8T3UmytU,Generador de ImÃ¡genes Pal Pueblo,JosÃ© Miguel Reyes MÃ¡rquez,18.0
zwmOgEISI,Learn CSS,checkfu.com,18.0
hy1d3RmqD,Rent a Girlfriend | Anime Date Experience ğŸ˜,Tim VuÄina,18.0
iDzd0HIfn,AI Tattoo Generator by Remaker,Tom Abraham,17.0
0uo8eclSu,Animeflix Chatbot Recommender,Ashlin Darius Govindasamy,17.0
7EvrwqoOW,ë¡œê³  ìƒì„±ê¸°,,17.0
7SsfiaRPe,Image Translator(â†’æ—¥æœ¬èª),,17.0
wjRjOuvmL,ã‚¿ã‚¬ãƒ­ã‚°èªâ†”æ—¥æœ¬èªã€€ç¿»è¨³,HIROJI OKAMOTO,16.0
77vHPk2hd,Apple HealthKit Complete Code Expert,Parker Rex,16.0
WgS9HSDOv,PDF Split & Merge,,16.0
vdxdXRrNX,æœ€æ–°blender 3d_æ“ä½œå¤§å…¨youtubeæ•å­¸,èŠæ­£æ—º,16.0
a0e4EQwwo,IQ Test,officialiqtests.com,15.0
Qi9r9l19c,ADHD Ally,Tombstone Dash LLC,15.0
W5tMYi4dr,Learn HTML,checkfu.com,15.0
pYc62c7fV,Flowchart Maker,CHOI YONG,15.0
tVZB9D5Mw,Jose Blasco GPT,TRADDICTIVÂ·á¶œáµ’áµ,15.0
Yp3hxIOsC,Secret Santa Name Generator,Shahid Ali,14.0
VvkJZfAoF,Uncrop.AI,captionthis.ai,14.0
FQniZIRCn,"FREE MD5 decrypt, sha 256 and password recovery",dehash.sh,14.0
gEoioMBc0,Generador de imagen de personaje ficticio,Rodolfo Arce,14.0
tPJohjV5C,Expert in writing scripts for popular short films,èŠæ­£æ—º,14.0
JAJLWqe6L,GPT hasznÃ¡lata magyarul,seoklikk.hu,13.0
XTxi1nq1w,Word Problem Solver,Sam Haygood,13.0
12Ywr8lBo,Quotes Wallpaper Creator,quotesecho.com,13.0
4XOc8MXxe,PortuguÃªs para InglÃªs - Tradutor,,13.0
csm4Cf0cA,Real Estate Listing Writer [GPT-4.5 Unofficial],KEITH M CLIFT,13.0
VXQ4ikf0w,ğŸ“š Mind AI Educator ğŸ“š,Amina ELTMALI,12.0
MtHzph00Z,Sherlock AI,designerbots.de,12.0
0bMTpUWWT,PeopleGPT,Quasar Hamirani,11.0
Dl5jofUKW,é€ å¥æ•‘æ˜Ÿ,CHANG YANG TANG,11.0
LVqrR3w1I,Python Code Communication AI (Python C AI),gerardking.dev,11.0
2Z7CZHeXL,Free Backlink Builder,rollounden.com,11.0
1rR21HQOl,é€†ã‚¢ã‚­ãƒãƒ¼ã‚¿ãƒ¼,9.tapgpts.com,11.0
2gSdMDDWe,Graffiti Text,sramelyk.org,11.0
SvfE5o1Eg,Artificial OnlyFans,captionthis.ai,11.0
T84PRXNEK,MarkDownå¤‰æ›ãã‚“,,10.0
pzZLPsKxy,ã‚¢ã‚¤ã‚³ãƒ³ãƒ¡ãƒ¼ã‚«ãƒ¼,,10.0
ImRjOydqt,World Craft V2,Josh Brent N. Villocido,9.0
LM6ObVhfF,Anime Artisan,Aonan Ren,9.0
ibPJnVOvD,Marijuana Addiction Quiz,diamondrehabthailand.com,9.0
w0AY6pLKp,GPTså‘¼ã³å‡ºã—ãã‚“,GINGA MORIKI,9.0
wxEapKonH,Legal Eagle,Duarte Martins,8.0
vE9qsINg8,ãƒ•ã‚§ãƒ«ãƒŸæ¨å®šå›,HOSHINO RYUSEI,8.0
49rWEC1zv,{é‹†æ—­ç§‘æŠ€} ä¸­æ–‡å–®å­—{to English}å°è€å¸«,Gen Chen,8.0
OIjm1SVsK,Agence SEO GenÃ¨ve,pulseo.ch,7.0
OpPxZrcjj,Shopify 1 euro pendant 3 mois,DMG,7.0
jIFDOhPpG,Hunger Games Name Generator,Shahid Ali,6.0
qwejDxUDy,Insight Pathfinder,S INDHUL,6.0
UFb5cGCJV,Website GPT 2.0,Kenneth Bastian,5.0
lzho4uFbj,Story viewer,mollygram.com,5.0
MU47GkPiw,One Piece GPT,selerite.com,4.0
gOIgTbMmv,Road Rules (Global),designerbots.de,2.0
gPhqx1Kpf,Pornography,ai-gen.co,0.0
2fkFE8rbu,DALLÂ·E,ChatGPT,
HMNcP6w7d,Data Analysis,ChatGPT,
YyyyMT9XH,ChatGPT Classic,ChatGPT,
lN1gKFnvL,Creative Writing Coach,ChatGPT,
TTTAK9GuS,The Negotiator,ChatGPT,
ENhijiiwK,Math Mentor,ChatGPT,
FdMHL1sNo,Cosmic Dream,ChatGPT,
fTA4FQ7wj,Hot Mods,ChatGPT,
WKIaLGGem,Tech Support Advisor,ChatGPT,
DerYxX7rA,Coloring Book Hero,ChatGPT,
Sug6mXozT,Game Time,ChatGPT,
3VrgJ1GpH,Sous Chef,ChatGPT,
OCOyXYJjW,genz 4 meme,ChatGPT,
gPRWpLspC,Sticker Whiz,ChatGPT,
84tjozO5q,Santa,North Pole,
QrGDSn90Q,Laundry Buddy,ChatGPT,
PXlrhc1MV,Mocktail Mixologist,ChatGPT,